Station,Year,Month,1,2,3,4,5,6,7,8,9,10,11,12,13,14,15,16,17,18,19,20,21,22,23,24,25,26,27,28,29,30,31
Dhaka,1953,1,0,0,0,0,0,0,0,0,0,0,0,0,0,0,0,0,0,0,0,0,0,0,0,0,0,0,0,0,0,0,0
Dhaka,1953,2,0,0,0,0,0,0,0,0,0,0,0,0,0,0,0,0,0,0,0,0,0,0,0,0,0,0,0,0,,,
Dhaka,1953,3,0,0,0,0,0,0,0,0,0,0,0,0,0,0,0,0,0,0,0,0,0,0,0,0,0,0,0,0,0,0,0
Dhaka,1953,4,0,0,0,0,0,0,0,0,0,0,14,18,12,0,0,0,0,0,0,0,1,0,0,0,1,13,0,29,2,0,
Dhaka,1954,4,0,0,0,0,0,0,22,17,28,4,12,0,0,0,0,0,0,0,0,0,0,0,0,0,0,0,0,0,0,3,
Dhaka,1955,4,0,0,0,0,0,0,0,0,0,0,0,6,9,5,0,0,1,0,0,0,0,0,0,1,1,9,0,0,22,0,
Dhaka,1956,4,24,0,0,13,1,0,0,0,0,0,0,0,0,0,0,0,0,0,0,0,0,13,1,17,1,49,8,8,0,0,
Dhaka,1957,4,0,0,0,0,0,0,1,1,0,0,0,0,0,0,18,23,0,0,0,0,0,0,12,0,28,34,0,0,0,0,
Dhaka,1958,4,8,0,0,0,0,0,0,0,4,0,0,0,1,0,0,0,0,0,6,***,0,0,23,0,0,0,0,0,12,10,
Dhaka,1959,4,39,0,0,0,0,0,0,0,0,0,0,0,0,0,0,0,0,1,10,3,25,0,0,0,0,0,0,0,0,0,
Dhaka,1953,11,0,0,0,0,0,0,0,10,0,2,1,0,0,0,0,0,0,0,0,0,0,0,0,0,0,0,0,0,0,0,
Dhaka,1953,12,0,0,0,0,0,0,0,0,0,0,0,0,0,0,0,0,0,0,0,0,0,0,0,0,0,0,0,0,0,0,0
Dhaka,1954,1,0,0,0,0,0,0,0,0,0,0,0,0,0,0,0,0,0,0,0,3,2,9,0,0,0,0,0,0,0,0,0
Dhaka,1954,2,0,0,0,0,0,0,0,0,0,0,0,0,0,0,0,0,0,0,0,0,0,0,0,0,0,0,0,0,,,
Dhaka,1954,3,0,0,0,0,0,0,0,0,0,0,0,0,0,0,0,0,0,0,0,0,0,0,0,0,0,0,0,0,0,0,0
Dhaka,1960,4,0,0,0,0,0,0,0,0,0,0,0,0,0,0,0,0,0,0,0,0,19,0,0,0,0,0,0,0,0,0,
Dhaka,1961,4,0,0,0,8,174,0,0,0,0,0,0,0,0,0,0,0,0,0,0,0,6,0,0,0,0,0,0,2,3,12,
Dhaka,1962,4,0,0,0,0,0,0,6,1,2,0,0,0,0,0,0,0,0,39,0,1,0,0,1,0,0,0,48,14,0,54,
Dhaka,1963,4,0,0,1,0,0,2,0,0,0,0,3,0,0,0,13,5,0,16,0,0,20,13,0,0,0,0,0,0,0,25,
Dhaka,1964,4,0,0,6,3,0,0,0,0,0,0,0,0,0,5,0,11,103,1,20,10,0,0,0,0,0,0,1,106,21,9,
Dhaka,1965,4,0,8,0,0,0,0,0,0,0,0,0,0,0,44,0,0,0,0,0,3,0,0,0,0,0,0,0,0,0,0,
Dhaka,1966,4,0,0,0,0,0,3,0,0,0,0,0,0,0,0,0,3,0,0,2,3,4,0,2,0,1,0,16,0,0,0,
Dhaka,1954,11,0,0,0,0,0,0,0,0,0,0,0,0,0,0,0,0,0,0,0,0,0,0,0,0,0,0,0,0,0,0,
Dhaka,1954,12,0,0,0,0,0,0,0,0,0,0,0,0,0,0,0,0,0,0,0,0,0,0,0,0,0,0,0,0,3,6,1
Dhaka,1955,1,0,0,0,0,0,0,0,0,0,0,0,0,0,0,0,0,0,0,0,0,0,0,0,0,0,0,0,0,0,0,0
Dhaka,1955,2,0,0,0,0,0,0,0,0,0,0,0,0,0,0,0,0,0,0,0,0,0,0,0,0,0,0,0,0,,,
Dhaka,1955,3,0,0,0,0,0,0,0,0,0,0,0,0,0,0,0,0,0,0,0,0,0,0,0,0,0,0,0,0,0,0,0
Dhaka,1967,4,0,0,0,0,0,0,0,0,0,0,0,0,0,0,4,0,0,0,22,125,0,0,11,0,0,0,0,0,0,23,
Dhaka,1968,4,0,0,***,***,0,0,8,0,0,0,0,0,0,1,2,0,0,0,0,1,0,0,0,14,0,1,0,0,0,0,
Dhaka,1969,4,0,0,0,0,0,0,0,0,0,0,0,0,0,0,0,0,0,49,0,7,0,4,0,5,0,0,0,0,0,21,
Dhaka,1970,4,1,7,4,0,0,0,0,0,0,0,0,2,0,8,0,1,19,0,0,3,0,0,0,0,0,0,0,0,0,0,
Dhaka,1971,4,***,***,***,***,***,***,***,*** *,**,***,***,***,***,***,***,***,***,***,***,***,***,***,***,***,***,0,0,0,0,0,
Dhaka,1972,4,0,0,21,0,34,83,0,0,0,0,0,49,0,8,8,0,1,3,3,0,17,0,0,0,0,0,0,21,0,0,
Dhaka,1973,4,0,0,0,0,0,0,0,0,0,0,0,3,40,16,0,0,0,25,0,0,11,0,22,1,0,0,0,10,0,3,
Dhaka,1955,11,0,0,0,0,0,0,17,38,44,0,0,0,0,0,0,0,0,0,0,0,0,0,0,0,0,0,0,0,0,0,
Dhaka,1955,12,0,0,0,0,0,0,0,0,0,0,0,0,0,0,0,0,0,0,0,0,0,0,0,0,0,0,0,0,0,0,0
Dhaka,1956,1,0,0,0,0,0,0,0,0,0,0,0,0,0,0,0,0,0,0,0,0,0,0,0,0,0,0,0,0,9,3,0
Dhaka,1956,2,0,0,0,4,1,0,0,0,0,0,0,0,0,0,0,0,0,0,0,0,0,0,0,0,0,0,0,0,0,,
Dhaka,1956,3,0,0,0,0,0,0,2,48,49,24,16,23,0,0,0,0,0,2,0,0,0,0,1,0,0,0,0,0,0,0,24
Dhaka,1975,4,0,0,0,0,0,0,0,0,0,0,0,0,0,1,8,12,51,0,0,0,0,0,1,0,3,21,0,1,0,0,
Dhaka,1976,4,0,0,0,1,0,0,0,0,0,0,0,0,0,0,0,0,0,0,4,0,0,11,0,0,0,0,2,6,10,0,
Dhaka,1977,4,1,23,2,30,12,24,0,2,5,25,6,20,5,11,62,0,0,0,0,0,0,2,1,15,0,9,0,0,0,0,
Dhaka,1978,4,0,8,0,0,0,0,0,0,7,0,0,0,1,2,0,17,2,2,49,0,26,0,0,0,0,50,0,1,0,29,
Dhaka,1979,4,9,0,0,0,0,0,0,2,0,0,0,0,0,0,0,3,0,0,1,0,0,1,0,0,0,0,0,0,0,1,
Dhaka,1980,4,0,0,0,1,0,1,0,0,0,0,0,6,0,1,0,0,0,0,77,0,43,0,1,0,0,0,4,0,11,2,
Dhaka,1981,4,41,2,0,0,4,0,0,0,0,0,0,22,63,2,0,17,16,58,23,21,0,0,2,0,0,0,0,0,0,3,
Dhaka,1956,11,18,22,13,0,0,0,0,0,0,0,0,0,0,0,0,0,0,0,0,0,0,0,0,0,0,0,0,0,0,0,
Dhaka,1956,12,0,0,0,0,0,0,0,0,0,0,0,0,0,0,0,0,0,0,0,0,0,0,0,0,0,0,0,0,0,13,0
Dhaka,1957,1,0,0,0,0,0,0,0,0,0,0,41,24,1,0,0,0,0,0,0,0,0,0,0,0,0,0,0,0,0,0,2
Dhaka,1957,2,0,0,0,0,0,0,0,0,0,0,48,0,0,0,0,0,0,0,0,0,0,0,0,20,0,0,1,0,,,
Dhaka,1957,3,0,0,0,0,0,12,0,0,0,0,0,0,0,3,0,0,0,0,0,0,0,0,0,0,0,0,0,0,0,1,0
Dhaka,1982,4,0,0,0,0,0,7,8,0,0,0,0,6,14,4,0,0,12,4,0,3,0,0,5,0,11,7,12,11,0,0,
Dhaka,1983,4,0,0,0,0,0,0,0,0,0,16,54,0,0,61,0,0,0,0,0,0,0,0,0,11,0,73,0,78,9,16,
Dhaka,1984,4,0,0,0,0,0,0,0,71,0,13,7,0,0,0,0,0,0,0,0,0,2,0,0,0,0,0,9,0,21,1,
Dhaka,1985,4,0,0,0,0,0,0,1,6,25,0,0,0,0,0,0,0,45,27,0,7,0,11,0,0,0,0,9,32,12,1,
Dhaka,1986,4,30,0,0,22,0,14,0,1,20,1,2,0,0,0,5,0,0,0,30,0,49,0,0,0,57,0,12,2,2,0,
Dhaka,1987,4,0,0,0,0,0,0,0,0,0,0,15,1,0,51,16,0,0,18,0,8,0,0,0,5,34,67,0,13,2,0,
Dhaka,1988,4,0,0,0,0,0,0,0,0,0,0,0,3,0,0,26,122,1,0,0,0,14,64,0,0,0,23,0,0,28,1,
Dhaka,1957,11,0,0,0,0,0,0,0,0,0,0,0,0,0,0,0,0,0,0,0,0,0,0,0,0,0,0,0,0,0,0,
Dhaka,1957,12,0,0,0,0,0,0,0,0,0,0,0,0,0,0,0,0,0,0,0,0,0,0,0,0,0,0,0,0,0,0,0
Dhaka,1958,1,0,0,0,0,0,0,0,0,0,0,0,0,0,0,0,0,0,0,0,0,0,0,0,0,0,0,0,0,0,0,0
Dhaka,1958,2,0,0,0,0,0,0,0,0,0,0,0,0,0,4,8,0,0,0,0,44,12,0,0,0,27,0,0,0,,,
Dhaka,1958,3,0,0,0,1,0,0,0,0,0,0,0,0,0,0,0,0,0,0,0,0,0,0,0,0,0,0,0,0,0,0,4
Dhaka,1989,4,0,0,0,0,0,0,0,0,0,0,0,6,0,0,0,0,0,0,0,0,0,0,0,0,0,0,45,15,0,19,
Dhaka,1990,4,33,24,0,1,12,0,0,0,5,0,0,0,0,0,12,0,0,0,0,28,10,0,0,7,0,9,1,0,12,0,
Dhaka,1991,4,19,0,0,0,0,0,0,0,12,2,3,0,0,0,0,0,0,0,0,0,0,0,2,1,0,0,0,0,1,13,
Dhaka,1992,4,0,0,0,0,0,0,0,0,0,0,0,0,0,0,0,0,0,0,0,0,0,0,0,0,0,0,25,0,0,0,
Dhaka,1993,4,0,0,0,0,0,0,0,0,5,0,16,19,7,0,0,6,15,0,0,0,0,0,0,26,0,0,17,0,2,0,
Dhaka,1994,4,0,14,19,0,0,0,0,0,0,0,0,0,0,0,0,0,0,1,0,51,30,56,21,0,9,0,0,0,0,0,
Dhaka,1995,4,0,0,0,0,0,0,0,0,45,31,0,1,4,0,2,5,0,0,0,0,0,0,0,0,0,0,0,0,0,0,
Dhaka,1958,11,0,0,0,0,0,0,0,0,0,0,0,0,0,0,0,0,0,0,0,0,0,0,0,0,0,0,0,0,0,0,
Dhaka,1958,12,0,0,0,0,0,0,0,0,0,0,0,0,0,0,0,0,0,0,0,0,0,0,0,0,0,0,0,0,0,0,0
Dhaka,1959,1,0,0,0,0,0,0,0,0,0,0,0,0,0,0,0,0,0,0,0,0,0,0,10,0,0,0,0,0,0,0,5
Dhaka,1959,2,0,0,0,0,0,0,0,0,0,0,0,0,0,0,0,0,4,0,0,0,0,0,0,0,0,0,0,0,,,
Dhaka,1959,3,0,0,0,0,0,0,0,0,0,0,0,0,0,0,0,0,0,0,0,0,0,0,0,0,10,11,51,6,0,0,0
Dhaka,1996,4,1,0,0,0,0,0,0,0,0,0,0,0,0,0,0,0,0,0,43,7,0,0,52,56,5,19,0,0,14,2,
Dhaka,1997,4,0,0,0,0,0,5,0,6,0,0,0,0,8,0,0,38,0,0,0,0,0,0,16,11,0,13,0,3,33,0,
Dhaka,1998,4,0,0,0,0,0,0,26,0,17,1,0,0,0,0,0,7,0,3,0,15,52,2,2,35,0,0,1,0,17,0,
Dhaka,1999,4,0,0,0,0,0,0,0,0,1,1,1,0,0,0,0,0,0,0,18,0,0,0,0,0,0,0,0,0,0,0,
Dhaka,2000,4,0,0,0,0,0,0,0,0,0,0,0,1,0,0,31,14,0,3,0,0,29,2,7,0,28,20,31,0,14,9,
Dhaka,2001,4,0,10,6,0,0,0,0,0,0,0,0,0,0,0,0,4,0,22,0,0,0,0,0,0,0,0,0,0,4,0,
Dhaka,2002,4,0,0,23,10,0,15,0,0,17,0,0,0,0,0,0,0,0,0,0,0,0,2,0,0,0,0,19,0,0,25,
Dhaka,1959,11,0,0,0,0,0,0,0,0,0,0,0,0,0,0,0,0,0,0,0,0,0,0,0,0,0,0,0,0,0,0,
Dhaka,1959,12,0,0,0,0,0,0,0,0,0,0,0,0,0,0,0,0,0,0,0,0,0,0,0,0,0,***,0,0,0,0,0
Dhaka,1960,1,0,0,0,0,0,0,0,0,0,0,0,0,0,0,0,0,0,0,0,0,0,0,0,0,0,0,0,0,0,0,0
Dhaka,1960,2,0,0,0,0,0,0,0,0,0,0,0,0,0,0,0,0,0,0,0,0,0,0,0,0,0,0,0,0,0,,
Dhaka,1960,3,0,1,1,0,0,1,2,5,0,0,0,6,0,0,0,0,0,0,0,0,0,0,0,0,0,0,0,0,0,0,0
Dhaka,2003,4,11,0,0,0,1,0,0,0,0,0,0,0,0,0,44,0,0,0,0,0,13,6,16,0,0,0,0,0,5,27,
Dhaka,2004,4,0,2,0,0,23,0,35,0,0,5,14,0,0,0,0,0,0,0,28,0,0,0,0,56,0,0,3,1,0,0,
Dhaka,2005,4,5,0,0,3,0,0,0,0,0,0,0,0,0,0,0,0,0,0,0,0,1,0,0,0,6,23,45,1,0,7,
Dhaka,2006,4,0,0,0,0,102,38,3,1,0,0,0,0,0,24,0,0,0,1,6,0,0,2,4,0,0,0,0,0,0,0,
Dhaka,2007,4,0,0,0,0,0,0,0,0,0,0,0,2,1,0,0,0,0,0,20,0,0,15,63,23,3,0,35,1,0,0,
Dhaka,2008,4,0,0,33,25,0,0,0,0,0,0,0,0,0,25,0,0,0,8,0,0,0,0,0,0,0,0,0,0,0,0,
Dhaka,2009,4,6,0,0,0,0,0,5,0,0,2,0,0,0,0,0,0,0,0,0,1,0,0,0,0,0,0,0,0,0,0,
Dhaka,1960,11,24,0,0,0,0,0,0,0,0,0,0,0,0,0,0,0,0,0,0,0,0,0,0,0,0,0,0,0,0,0,
Dhaka,1960,12,0,0,0,0,0,0,0,0,0,0,0,0,0,0,0,0,0,0,0,0,0,0,0,0,0,0,0,0,0,0,0
Dhaka,1961,1,***,1,0,0,0,0,0,0,0,0,0,0,0,0,0,0,0,0,0,0,0,0,0,0,0,0,0,0,0,0,0
Dhaka,1961,2,0,0,11,0,0,0,1,0,0,0,0,0,0,0,0,0,0,0,0,0,0,0,0,0,0,0,0,0,,,
Dhaka,1961,3,0,0,0,11,0,1,0,0,0,0,0,0,0,0,0,0,0,0,0,0,8,0,0,0,0,0,0,0,0,0,0
Dhaka,2010,4,0,0,0,0,0,0,0,0,0,0,0,0,0,0,0,14,0,0,0,0,0,0,0,0,2,0,11,0,10,0,
Dhaka,2011,4,11,0,49,8,5,0,0,0,0,0,0,0,0,0,9,0,9,0,0,5,0,5,0,0,0,0,1,0,21,0,
Dhaka,2012,4,0,0,0,0,0,0,62,9,18,9,0,0,40,0,0,11,0,0,52,0,8,29,0,0,0,31,0,0,0,0,
Dhaka,2013,4,2,0,0,0,0,0,0,0,0,0,0,0,0,0,0,0,3,4,0,9,0,0,1,0,0,0,0,13,0,0,
Dhaka,2014,4,0,0,0,54,6,0,1,0,0,0,0,0,0,0,0,0,0,0,0,0,0,0,0,0,0,0,1,0,7,11,
Dhaka,1953,5,0,0,4,0,29,0,0,1,4,0,0,18,5,56,11,0,6,26,26,45,23,19,0,0,0,0,0,1,0,0,0
Dhaka,1954,5,45,1,18,0,0,0,0,0,0,0,0,0,0,0,28,0,1,0,9,34,3,13,20,2,29,0,1,0,0,1,6
Dhaka,1961,11,0,0,0,0,0,0,0,0,0,0,0,0,0,0,0,0,0,0,0,0,0,0,0,0,0,0,0,0,0,0,
Dhaka,1961,12,0,0,0,0,0,0,0,0,0,0,0,0,0,0,0,0,0,0,0,0,0,0,0,0,0,0,0,0,0,0,0
Dhaka,1962,1,0,0,0,0,0,0,0,0,0,0,0,0,0,0,0,0,0,0,0,0,0,0,0,0,0,0,0,0,0,0,0
Dhaka,1962,2,0,0,0,0,0,0,0,0,9,0,0,0,0,0,0,0,0,0,0,0,0,0,0,0,0,5,1,0,,,
Dhaka,1962,3,0,0,0,0,0,0,0,0,0,0,6,0,0,0,0,0,0,0,0,0,0,0,0,0,0,0,0,0,0,0,0
Dhaka,1955,5,54,38,22,1,0,0,0,0,1,0,0,0,0,4,0,0,0,0,0,6,32,14,17,0,0,***,1,1,1,1,8
Dhaka,1956,5,0,0,0,0,0,2,8,0,0,5,6,0,0,0,10,3,1,0,3,2,1,0,0,0,0,0,0,0,2,0,26
Dhaka,1957,5,0,2,12,2,3,0,0,0,0,9,6,0,1,0,0,0,0,18,0,9,0,0,0,0,0,0,0,0,0,52,0
Dhaka,1958,5,0,0,0,18,0,54,16,31,0,1,23,17,0,0,0,0,0,8,26,0,0,0,0,0,0,0,0,0,6,0,0
Dhaka,1959,5,0,0,0,0,15,24,52,0,15,0,12,0,1,0,0,0,0,0,0,0,0,2,0,2,56,9,33,6,12,15,0
Dhaka,1960,5,0,0,0,2,0,2,0,0,0,0,1,0,0,0,0,0,0,1,0,50,120,14,141,6,0,0,2,3,16,0,0
Dhaka,1961,5,3,0,0,0,0,0,0,0,31,6,8,13,0,0,2,0,0,0,0,0,0,0,36,0,0,11,0,0,0,11,98
Dhaka,1962,11,0,0,0,0,0,0,0,0,0,0,0,0,0,0,0,0,0,0,0,0,0,0,0,0,0,0,0,0,0,0,
Dhaka,1962,12,0,0,0,0,0,0,0,0,0,0,0,0,0,0,0,0,0,0,0,0,0,0,0,0,0,0,0,0,0,0,0
Dhaka,1963,1,0,0,0,0,0,0,0,0,0,0,0,0,0,0,0,0,0,0,0,0,0,0,0,0,0,0,0,0,0,0,0
Dhaka,1963,2,0,0,0,0,0,0,0,0,0,0,0,0,0,0,0,0,0,0,0,0,0,0,0,0,0,0,0,0,,,
Dhaka,1963,3,0,0,0,0,0,0,0,0,0,0,0,50,0,0,0,0,0,0,0,0,0,0,0,0,0,1,0,0,0,0,0
Dhaka,1962,5,0,0,11,0,31,0,0,3,1,11,1,3,0,0,0,0,26,5,0,0,0,0,0,0,0,0,13,10,25,0,65
Dhaka,1963,5,0,47,29,0,17,0,3,0,0,0,0,5,0,0,1,0,4,40,7,13,1,3,0,0,0,0,0,0,25,2,22
Dhaka,1964,5,11,31,0,32,5,0,0,25,20,0,1,15,2,0,2,0,0,4,53,2,0,16,16,0,1,0,0,0,0,0,0
Dhaka,1965,5,0,0,0,6,0,32,23,0,9,0,4,177,1,0,0,0,0,0,0,0,0,0,0,0,0,0,0,0,0,0,53
Dhaka,1966,5,0,0,0,0,0,38,0,17,15,8,4,3,0,0,0,0,0,0,0,0,0,1,19,0,5,4,0,1,0,12,0
Dhaka,1967,5,0,62,0,7,0,33,0,2,0,0,27,0,0,9,0,2,0,0,0,8,0,0,3,0,35,0,28,0,0,0,0
Dhaka,1968,5,0,0,0,41,0,0,0,0,0,0,0,0,19,4,7,8,7,2,14,6,11,30,25,1,14,0,0,0,4,0,1
Dhaka,1963,11,0,1,2,4,0,0,0,0,0,0,0,0,0,0,0,0,0,0,0,0,0,0,0,0,0,0,0,0,0,0,
Dhaka,1963,12,0,3,0,0,0,0,0,0,0,0,0,0,0,0,0,0,0,0,0,0,0,0,0,0,0,0,0,0,0,0,0
Dhaka,1964,1,1,0,0,0,0,0,0,0,0,0,0,0,0,0,0,0,0,0,0,0,0,2,6,0,0,0,0,0,0,0,0
Dhaka,1964,2,0,0,0,0,1,0,0,0,0,0,0,0,0,0,0,0,0,0,0,0,0,0,0,28,0,0,0,1,12,,
Dhaka,1964,3,0,0,0,0,0,0,0,0,0,0,0,0,0,0,0,0,0,0,0,5,0,0,0,0,0,0,1,0,9,3,0
Dhaka,1969,5,0,6,0,0,11,0,0,0,0,25,0,0,0,0,0,0,21,2,0,0,5,1,8,2,0,0,4,9,1,0,0
Dhaka,1970,5,33,0,1,0,0,0,0,0,9,0,0,0,0,0,0,50,10,60,4,0,0,0,0,0,0,18,7,0,0,0,0
Dhaka,1971,5,22,0,13,21,0,0,0,80,0,1,32,0,0,18,34,28,0,0,0,0,0,0,0,0,37,0,50,8,0,0,0
Dhaka,1972,5,0,0,3,0,0,0,0,0,0,0,0,0,0,0,0,0,0,0,0,3,69,0,0,14,231,20,0,0,0,0,0
Dhaka,1973,5,33,4,0,0,4,21,75,0,34,3,54,100,0,0,0,0,11,25,5,3,4,106,27,28,36,6,10,0,0,2,30
Dhaka,1975,5,0,0,0,10,0,0,0,0,0,4,4,0,59,8,21,15,0,0,14,0,43,36,10,0,0,24,0,0,47,5,17
Dhaka,1976,5,0,0,0,0,1,12,1,24,24,76,6,17,5,0,6,0,24,1,0,36,9,0,18,0,0,145,14,0,0,0,40
Dhaka,1964,11,0,0,0,0,0,0,0,0,0,0,0,0,0,0,0,22,7,0,0,0,0,0,0,0,***,0,12,0,0,0,
Dhaka,1964,12,0,0,0,0,0,0,0,0,0,0,0,0,0,0,0,0,0,0,0,0,0,0,0,0,0,0,0,0,0,0,0
Dhaka,1965,1,0,0,0,0,0,0,0,0,0,0,0,0,0,0,0,0,0,0,0,0,0,0,0,0,0,0,0,0,0,0,0
Dhaka,1965,2,0,0,0,0,0,0,2,0,23,0,0,0,0,0,0,0,0,0,0,2,1,0,0,0,0,0,0,***,,,
Dhaka,1965,3,0,0,0,0,0,0,0,0,0,0,0,0,0,0,0,0,0,0,0,0,0,0,5,17,0,0,0,0,0,0,0
Dhaka,1977,5,51,10,0,0,6,48,1,0,0,1,3,3,37,25,1,0,13,1,43,0,1,1,0,21,0,0,0,34,8,73,0
Dhaka,1978,5,2,6,0,0,1,16,5,6,5,107,0,1,56,3,9,0,0,0,0,0,1,1,38,53,38,65,22,1,1,5,12
Dhaka,1979,5,0,35,0,1,0,0,0,0,0,0,0,0,0,0,36,7,5,0,0,0,2,0,20,0,0,0,0,8,0,0,0
Dhaka,1980,5,1,0,11,0,21,60,2,4,74,0,25,25,5,1,15,4,0,21,2,28,1,0,0,0,0,19,1,32,39,2,21
Dhaka,1981,5,0,0,0,0,20,8,0,0,0,10,0,0,14,0,26,1,37,32,0,0,0,20,0,0,13,1,1,1,43,45,0
Dhaka,1982,5,0,19,0,0,0,0,0,9,3,21,27,48,0,0,7,0,0,0,0,0,0,0,0,0,0,0,3,0,8,6,3
Dhaka,1983,5,3,38,28,44,16,45,0,24,0,0,43,1,0,0,0,4,0,2,0,53,27,1,18,1,0,0,0,0,0,0,0
Dhaka,1965,11,5,0,102,24,0,0,0,0,0,0,0,0,0,0,0,0,0,0,0,0,0,0,0,0,0,0,0,0,0,0,
Dhaka,1965,12,0,0,0,0,0,0,***,0,0,0,0,0,0,0,0,0,0,0,0,0,0,0,0,0,0,0,0,0,0,0,0
Dhaka,1966,1,***,***,***,***,***,***,***,*** *,**,***,***,***,***,***,***,***,***,***,***,***,***,***,***,***,***,***,***,***,***,***,***
Dhaka,1966,2,***,***,***,***,***,***,***,*** *,**,***,***,***,***,***,***,***,***,***,***,***,***,***,***,***,***,***,***,***,,,
Dhaka,1966,3,***,***,***,***,***,***,***,*** *,**,***,***,***,***,***,***,***,***,***,***,***,***,***,***,***,***,***,***,***,***,***,***
Dhaka,1984,5,39,1,7,14,0,13,0,14,19,91,44,27,14,44,91,38,0,0,0,0,0,0,0,0,36,76,78,60,0,1,0
Dhaka,1985,5,0,0,25,10,20,24,12,0,0,0,0,12,21,22,56,3,0,0,0,0,0,23,0,0,6,42,12,8,4,0,0
Dhaka,1986,5,11,0,0,8,9,22,5,0,0,0,0,1,0,10,0,19,0,24,49,13,0,0,0,0,0,19,1,0,0,0,0
Dhaka,1987,5,56,0,11,1,0,0,0,2,0,0,1,0,0,0,0,0,0,0,0,7,17,1,0,0,13,0,0,0,0,0,0
Dhaka,1988,5,0,0,0,1,0,0,4,1,51,5,1,0,1,5,0,21,1,0,2,4,59,82,93,35,32,21,0,0,6,86,2
Dhaka,1989,5,0,0,2,0,0,0,0,0,0,0,0,0,0,28,0,5,17,3,24,0,1,30,5,0,32,1,4,16,38,0,22
Dhaka,1990,5,0,0,1,0,29,0,0,0,0,0,0,0,17,9,51,18,0,0,0,10,10,0,34,0,0,11,3,0,1,8,0
Dhaka,1966,11,0,0,0,0,0,0,0,0,0,0,0,0,0,0,0,0,0,0,0,0,0,11,3,0,0,0,0,0,0,0,
Dhaka,1966,12,0,0,0,0,0,0,0,0,0,0,0,8,7,0,0,0,0,0,0,0,0,0,0,0,0,0,0,0,0,0,0
Dhaka,1967,1,0,0,0,0,0,0,0,23,0,0,0,0,0,0,0,0,0,0,0,0,0,0,0,0,0,0,0,0,0,0,0
Dhaka,1967,2,0,0,0,0,0,0,0,0,0,0,0,12,0,0,0,0,0,0,0,0,0,0,0,0,0,0,0,0,,,
Dhaka,1967,3,0,0,0,0,0,0,0,0,31,27,0,0,11,0,15,0,0,2,0,3,73,0,0,0,5,1,0,0,0,0,0
Dhaka,1991,5,0,0,0,28,0,54,0,0,50,29,0,24,0,36,7,6,9,66,14,0,0,49,11,0,0,0,1,123,6,10,6
Dhaka,1992,5,10,16,10,3,0,0,2,0,0,0,0,0,0,0,8,0,1,9,0,1,22,3,0,0,0,7,9,7,0,0,45
Dhaka,1993,5,7,42,99,25,1,4,20,42,0,92,0,15,21,41,0,21,44,6,53,0,2,0,0,0,0,0,0,0,6,13,2
Dhaka,1994,5,0,0,0,0,0,0,7,0,11,0,8,0,0,0,0,6,31,40,43,0,49,0,1,0,0,53,2,0,0,0,3
Dhaka,1995,5,0,0,0,0,0,3,0,0,3,0,0,0,0,0,11,71,76,72,0,0,0,3,16,0,0,9,0,0,0,0,0
Dhaka,1996,5,0,12,0,0,0,0,0,0,0,0,0,57,4,4,17,19,0,0,8,6,0,0,0,0,0,0,0,9,0,15,57
Dhaka,1997,5,0,14,0,0,5,0,0,2,0,0,3,0,0,0,0,0,0,0,0,1,9,0,0,10,39,7,2,18,38,3,0
Dhaka,1967,11,0,0,0,0,0,0,0,0,0,0,0,0,0,0,0,0,0,0,0,0,0,0,0,0,0,1,0,0,0,0,
Dhaka,1967,12,0,0,0,0,0,0,0,0,0,0,0,0,0,0,0,0,0,0,0,0,0,0,0,0,0,0,0,0,0,0,0
Dhaka,1968,1,0,0,0,0,0,0,0,0,0,0,0,0,0,0,0,0,0,0,0,0,0,0,0,0,0,0,0,0,0,0,0
Dhaka,1968,2,0,0,0,0,0,0,0,0,0,0,0,0,0,0,0,5,0,0,0,0,0,0,0,0,0,0,0,0,0,,
Dhaka,1968,3,0,0,0,0,0,0,0,0,0,0,0,0,0,0,0,0,0,2,46,0,2,6,65,0,0,0,0,0,0,0,0
Dhaka,1998,5,0,11,5,28,9,31,0,3,0,0,5,0,0,0,0,0,0,0,0,0,0,0,0,0,7,0,56,105,118,24,3
Dhaka,1999,5,0,0,0,0,0,14,53,0,38,4,0,1,21,16,141,28,0,0,0,0,26,4,37,1,0,0,0,2,17,25,0
Dhaka,2000,5,0,58,1,0,0,11,0,0,0,0,0,0,0,0,0,0,0,7,0,65,15,2,49,1,6,43,52,90,23,0,48
Dhaka,2001,5,18,0,48,10,6,4,0,71,52,8,32,0,0,0,0,0,0,0,0,6,40,0,27,7,0,0,23,0,0,49,1
Dhaka,2002,5,8,0,2,4,0,18,62,1,1,3,16,18,0,0,1,0,0,7,0,0,0,3,18,0,0,6,88,10,1,5,0
Dhaka,2003,5,0,0,52,0,0,0,18,0,17,2,0,0,2,0,0,1,0,0,0,0,25,0,1,0,14,0,0,8,0,0,0
Dhaka,2004,5,0,0,0,0,0,0,0,0,0,0,0,0,0,13,0,0,0,0,0,0,39,16,48,7,1,0,0,8,0,0,30
Dhaka,1968,11,24,0,0,0,0,0,0,0,0,0,0,0,0,19,1,30,0,0,0,0,0,0,0,0,0,0,0,0,0,0,
Dhaka,1968,12,0,0,0,0,0,0,0,0,0,0,0,0,0,0,0,0,0,0,0,0,0,0,0,0,0,0,0,0,0,0,0
Dhaka,1969,1,0,0,0,0,0,0,0,0,0,0,0,0,0,0,0,0,0,0,0,0,0,0,0,0,0,0,0,0,0,0,0
Dhaka,1969,2,0,0,0,0,1,0,0,0,0,0,0,0,0,0,0,0,0,0,0,0,0,0,0,0,0,0,0,0,,,
Dhaka,1969,3,0,0,0,0,0,0,0,0,0,0,0,0,0,0,0,0,0,4,7,9,18,0,1,26,0,0,0,0,0,0,0
Dhaka,2005,5,0,0,0,0,6,16,0,0,0,10,0,0,8,38,0,0,10,63,0,38,0,28,72,0,2,0,0,0,0,0,0
Dhaka,2006,5,0,0,0,0,0,0,10,14,1,2,21,14,40,1,0,0,0,0,0,0,0,3,0,2,18,0,36,4,12,6,1
Dhaka,2007,5,0,0,0,0,0,0,2,21,0,7,0,2,1,0,2,1,0,1,1,64,50,4,0,0,29,0,0,0,0,0,0
Dhaka,2008,5,0,0,5,22,0,15,0,1,23,0,2,0,0,2,0,0,7,0,32,1,0,0,4,0,3,3,68,0,15,0,2
Dhaka,2009,5,5,6,6,10,0,0,7,0,0,0,11,3,0,1,0,16,1,9,40,0,0,0,0,0,13,38,0,0,0,2,0
Dhaka,2010,5,0,0,27,0,0,2,0,3,0,0,0,0,0,0,29,0,2,0,0,0,70,12,1,0,0,19,1,9,2,0,0
Dhaka,2011,5,0,5,0,0,3,23,10,0,0,20,17,25,0,14,0,0,1,1,15,3,0,24,11,17,3,13,0,10,3,17,0
Dhaka,1969,11,0,0,0,0,0,0,0,0,0,0,0,0,1,1,0,0,0,0,0,0,0,0,0,0,0,0,0,0,0,0,
Dhaka,1969,12,0,0,0,0,0,0,0,0,0,0,0,0,0,0,0,0,0,0,0,0,0,0,0,0,0,0,0,0,0,0,0
Dhaka,1970,1,0,0,0,0,0,0,0,0,0,0,0,0,1,0,0,0,0,0,0,0,2,12,0,0,0,0,0,1,0,0,0
Dhaka,1970,2,0,0,0,0,0,0,0,0,0,0,0,0,0,0,0,0,0,0,0,8,0,0,0,0,0,0,0,0,,,
Dhaka,1970,3,0,0,0,0,6,0,0,0,0,0,0,0,0,0,0,0,0,0,0,0,0,0,0,0,0,0,0,0,6,11,0
Dhaka,2012,5,0,53,13,16,6,0,0,0,0,0,0,0,1,0,0,1,10,4,1,1,1,0,0,0,4,0,0,0,2,0,24
Dhaka,2013,5,0,0,0,0,4,2,17,18,40,0,0,7,3,19,0,3,75,0,3,0,30,4,1,109,22,0,0,0,1,1,19
Dhaka,2014,5,0,15,3,0,0,0,0,22,0,0,1,3,0,15,0,0,0,0,0,0,0,0,0,0,34,20,0,10,18,0,6
Dhaka,1953,6,0,6,32,0,18,1,22,0,3,5,3,55,10,0,4,12,1,9,0,0,0,20,28,13,5,2,83,1,0,0,
Dhaka,1954,6,53,58,4,33,48,2,17,17 1,16,1,5,0,1,71,5,6,0,1,10,3,11,6,45,147,108,17,0,0,1,24,
Dhaka,1955,6,4,9,0,2,5,1,7,11,0,5,0,0,0,115,1,1,4,4,5,20,19,18,0,0,0,2,0,0,18,3,
Dhaka,1956,6,17,23,94,86,3,16,1,0,4,9,1,21,2,1,11,2,59,2,23,9,36,0,7,3,0,1,0,0,2,0,
Dhaka,1970,11,0,0,0,0,0,0,0,0,0,0,18,6,8,0,0,0,0,0,0,0,0,0,0,0,0,0,0,0,0,0,
Dhaka,1970,12,0,0,0,0,0,0,0,0,0,0,0,0,0,0,0,0,0,0,0,0,0,0,0,0,0,0,0,0,0,0,0
Dhaka,1971,1,0,0,0,0,0,0,0,0,0,0,0,0,0,0,0,0,0,0,0,0,0,0,0,0,0,0,2,0,1,0,0
Dhaka,1971,2,0,0,0,0,0,0,0,0,0,0,0,12,0,0,0,0,0,0,0,0,0,0,0,16,0,0,0,0,,,
Dhaka,1971,3,0,0,0,***,***,***,***,*** *,**,***,***,***,***,***,***,***,***,***,***,***,***,***,***,***,***,***,***,***,***,***,***
Dhaka,1957,6,9,54,0,0,7,0,5,32,1,35,0,0,32,34,10,39,44,7,47,1,0,1,0,2,9,22,37,15,19,25,
Dhaka,1958,6,2,0,1,0,0,0,18,3,1,0,0,6,0,0,26,0,2,4,0,20,2,44,0,1,14,12,0,2,0,3,
Dhaka,1959,6,10,26,44,***,0,0,0,27,13,80,13,27,14,0,0,27,1,24,21,0,0,0,0,0,0,0,0,0,31,10,
Dhaka,1960,6,0,0,0,2,8,51,0,2,0,71,47,8,3,0,7,16,39,39,1,3,0,0,0,0,0,3,1,3,0,0,
Dhaka,1961,6,23,0,1,109,2,8,43,12,31,8,18,117,24,31,101,44,0,52,17,0,185,0,0,0,0,0,5,6,4,15,
Dhaka,1962,6,17,2,0,0,1,15,18,12,29,16,0,1,0,32,0,1,1,1,0,0,2,11,8,10,2,12,0,0,0,0,
Dhaka,1963,6,31,0,0,0,0,6,32,112,9,14,3,2,2,9,44,2,42,26,189,68,0,0,6,0,0,9,0,5,0,10,
Dhaka,1971,11,47,10,0,0,10,26,2,0,0,0,0,0,0,0,0,0,***,0,0,0,0,0,0,0,0,0,0,0,0,0,
Dhaka,1971,12,***,***,***,***,***,***,***,*** *,**,***,***,***,***,***,***,***,***,***,***,***,***,***,***,***,***,***,***,***,***,***,***
Dhaka,1972,1,0,0,0,0,0,0,0,0,0,0,0,0,0,0,0,0,0,0,0,0,0,0,0,0,0,0,0,0,0,0,0
Dhaka,1972,2,0,0,0,6,3,2,0,0,0,0,0,0,0,0,0,0,0,0,0,0,0,0,0,0,0,0,0,0,0,,
Dhaka,1972,3,0,0,0,0,0,0,0,0,0,2,0,0,0,0,1,0,0,0,0,0,0,0,0,0,0,0,0,9,0,0,0
Dhaka,1964,6,31,5,0,0,0,38,8,0,8,17,2,0,0,6,67,6,19,0,0,10,0,0,0,15,4,19,1,0,59,39,
Dhaka,1965,6,85,2,20,54,9,3,1,0,0,0,0,0,0,0,2,6,13,16,11,0,0,0,4,63,4,11,66,10,11,51,
Dhaka,1966,6,2,0,7,18,11,14,0,0,0,0,0,0,3,0,0,2,23,10,0,9,25,58,37,6,3,10,0,2,15,15,
Dhaka,1967,6,0,0,0,0,0,0,3,0,0,18,6,48,41,0,45,0,0,52,3,16,0,1,0,0,1,2,1,0,0,4,
Dhaka,1968,6,0,0,3,24,12,0,12,0,0,2,27,95,17,95,145,5,6,25,0,34,41,1,0,1,0,9,16,9,7,4,
Dhaka,1969,6,0,0,1,20,21,6,16,30,1,0,0,11,28,13,2,0,1,3,5,7,1,0,0,29,10,0,19,0,3,22,
Dhaka,1970,6,0,0,22,5,4,11,25,60,10,1,5,0,0,32,1,0,29,3,9,7,0,3,9,29,11,0,0,0,0,0,
Dhaka,1972,11,0,0,0,0,0,0,0,0,0,0,0,0,0,0,0,0,0,0,0,0,0,0,0,0,0,0,0,0,0,0,
Dhaka,1972,12,0,0,0,0,0,0,0,0,0,0,0,0,0,0,0,0,0,0,0,0,0,0,0,0,0,0,0,0,0,0,0
Dhaka,1973,1,0,0,0,0,0,0,0,0 *,**,0,0,0,0,0,0,0,0,0,0,0,0,0,0,0,0,0,0,0,0,0,0
Dhaka,1973,2,0,0,0,0,0,0,0,0,0,0,0,0,0,0,0,0,5,0,0,0,0,0,0,0,0,0,15,1,,,
Dhaka,1973,3,21,2,0,0,0,0,0,3,0,0,0,1,5,0,0,0,0,0,0,0,0,0,0,0,0,0,0,0,0,0,0
Dhaka,1971,6,10,27,28,14,3,4,25,13,27,0,0,8,1,0,0,0,1,0,6,0,6,0,0,16,23,7,0,40,71,9,
Dhaka,1972,6,0,0,0,0,9,0,2,0,0,0,0,0,11,33,108,56,38,38,0,0,0,0,4,21,27,6,0,0,0,0,
Dhaka,1973,6,5,0,1,0,70,3,0,7,11,2,41,0,1,8,9,34,76,1,0,19,5,0,0,18,0,5,4,60,16,18,
Dhaka,1975,6,52,2,1,0,0,10,2,15,50,0,0,0,0,0,0,0,40,27,3,16,5,3,0,0,0,0,1,7,0,1,
Dhaka,1976,6,0,43,0,14,0,1,0,163 1,0,66,87,20,0,62,28,20,11,0,1,0,1,0,0,0,0,7,1,1,0,1,
Dhaka,1977,6,0,0,1,0,7,17,0,0,19,6,31,0,11,2,3,3,4,2,3,5,0,10,1,24,12,1,4,40,46,0,
Dhaka,1978,6,70,1,0,0,17,0,0,0,84,54,2,2,33,31,0,0,0,0,0,3,8,8,3,0,63,128,17,0,0,5,
Dhaka,1973,11,0,0,22,0,0,1,0,23,0,0,0,0,0,0,0,0,11,6,1,0,0,0,0,0,0,0,0,0,0,0,
Dhaka,1973,12,0,0,0,0,0,0,0,0,44,42,0,0,0,0,0,0,0,0,0,0,0,0,0,0,0,0,0,0,0,0,0
Dhaka,1975,1,0,0,0,0,0,0,0,0,0,0,0,0,0,0,0,0,0,0,0,0,0,0,0,0,1,0,0,0,0,0,0
Dhaka,1975,2,0,0,0,0,0,0,0,0,0,0,0,1,0,0,28,0,0,0,0,0,0,0,0,0,0,0,0,0,,,
Dhaka,1975,3,0,0,0,0,0,0,9,4,0,0,0,0,0,0,0,0,0,0,0,0,0,0,0,0,0,0,0,0,0,0,0
Dhaka,1979,6,0,0,0,0,0,0,1,5,0,58,27,17,2,50,18,6,0,0,1,0,0,1,10,2,1,7,2,1,2,47,
Dhaka,1980,6,1,15,3,1,2,0,9,83,0,18,7,9,33,0,16,0,75,10,29,2,1,3,1,0,3,1,1,0,0,0,
Dhaka,1981,6,39,21,0,3,40,0,0,0,3,7,0,0,0,0,0,11,0,0,10,0,2,14,7,4,0,1,0,0,5,1,
Dhaka,1982,6,0,0,39,4,0,0,0,0,0,2,7,13,6,0,0,2,3,10,146,21,0,1,1,31,35,1,1,40,46,105,
Dhaka,1983,6,0,0,0,5,0,16,0,24,4,2,0,14,2,54,0,0,64,40,42,8,3,0,0,0,0,1,10,9,0,2,
Dhaka,1984,6,0,0,5,44,77,68,102,2,2,11,0,55,0,14,23,13,5,7,50,8,3,19,19,7,7,63,31,1,0,1,
Dhaka,1985,6,0,20,1,21,14,0,3,2,0,58,2,6,0,1,14,13,92,11,12,18,1,0,0,13,8,10,1,5,11,62,
Dhaka,1975,11,0,0,0,0,0,0,0,0,2,16,5,2,0,0,0,0,0,0,0,0,0,0,0,0,0,0,0,0,0,0,
Dhaka,1975,12,0,0,0,0,0,0,0,0,0,0,0,0,0,0,0,0,0,0,0,0,0,0,0,0,0,0,0,0,0,0,0
Dhaka,1976,1,0,0,0,0,0,0,0,0,0,0,0,0,0,0,0,0,0,0,0,0,0,0,0,0,0,0,0,0,0,0,0
Dhaka,1976,2,0,1,0,0,2,3,1,0,0,0,0,0,0,0,0,0,0,0,0,0,0,0,0,0,0,0,0,0,0,,
Dhaka,1976,3,0,0,0,7,0,0,0,34,0,0,0,0,0,0,0,0,0,0,0,0,0,62,13,0,0,0,1,0,0,0,0
Dhaka,1986,6,0,0,23,0,0,0,0,0,0,21,0,0,9,16,15,1,0,1,0,4,4,11,6,1,2,12,40,12,5,121,
Dhaka,1987,6,0,0,0,15,128,25,0,0,5,9,1,0,0,1,0,0,0,2,16,22,3,17,47,20,5,0,0,0,0,0,
Dhaka,1988,6,8,0,8,37,0,0,51,53,1,4,15,7,78,64,18,11,28,56,0,0,0,6,2,23,48,17,37,6,2,0,
Dhaka,1989,6,0,41,0,23,0,47,63,1,0,0,2,33,2,18,34,31,0,0,0,10,0,0,1,0,0,0,0,1,4,8,
Dhaka,1990,6,0,24,5,0,0,33,0,0,39,24,0,0,40,1,0,11,2,3,3,14,8,1,2,17,1,0,1,0,0,0,
Dhaka,1991,6,6,57,26,0,0,11,10,0,0,5,1,67,36,19,11,2,27,23,5,0,0,0,0,0,5,0,0,0,0,9,
Dhaka,1992,6,0,0,0,0,0,0,0,0,14,0,5,0,15,7,0,0,33,0,1,1,3,0,7,25,19,0,0,2,0,0,
Dhaka,1976,11,0,0,0,0,0,0,0,0,0,0,0,0,0,0,0,0,0,0,0,0,0,0,0,0,3,0,5,0,0,0,
Dhaka,1976,12,0,0,0,0,0,0,0,0,0,0,0,0,0,0,0,0,0,0,0,0,0,0,0,0,0,0,0,0,0,0,0
Dhaka,1977,1,0,0,0,0,0,0,0,0,0,0,0,0,0,0,0,0,0,0,0,0,0,0,0,0,0,0,0,0,0,0,0
Dhaka,1977,2,0,0,0,0,0,0,0,0,0,0,0,0,0,0,0,0,0,0,0,0,0,0,0,13,53,0,0,0,,,
Dhaka,1977,3,0,0,0,0,0,0,0,0,0,0,7,4,4,1,0,0,0,0,0,0,0,0,0,0,0,0,0,0,55,0,0
Dhaka,1993,6,0,18,28,2,0,0,30,0,99,0,0,24,11,0,1,13,38,52,120,6,0,0,1,1,0,47,10,0,0,3,
Dhaka,1994,6,0,0,0,2,4,12,0,3,5,0,5,10,3,1,0,3,14,34,6,1,0,0,0,1,0,10,0,26,74,52,
Dhaka,1995,6,0,0,0,0,1,0,6,0,0,0,4,2,13,33,0,0,19,78,49,5,0,9,0,8,3,2,0,0,3,2,
Dhaka,1996,6,0,20,37,27,16,0,0,12,0,17,0,47,1,0,1,14,0,0,0,3,20,52,16,6,23,8,22,0,0,1,
Dhaka,1997,6,0,1,0,0,0,0,28,4,18,23,0,0,0,0,0,0,0,0,0,63,31,0,3,0,20,6,4,11,35,2,
Dhaka,1998,6,0,0,2,2,1,0,0,0,0,0,18,0,0,7,0,1,0,0,1,0,0,0,0,15,11,7,15,2,7,0,
Dhaka,1999,6,0,0,1,0,0,0,9,0,0,11,21,7,1,0,0,0,0,0,2,0,31,2,97,16,10,91,11,9,17,12,
Dhaka,1977,11,0,0,0,0,0,0,0,0,0,0,0,0,0,0,0,0,0,0,0,0,1,5,0,0,2,2,0,0,0,0,
Dhaka,1977,12,0,0,0,0,0,0,0,0,0,0,0,0,0,0,0,0,0,0,0,0,0,0,0,0,0,0,0,1,7,16,0
Dhaka,1978,1,0,0,0,0,0,0,0,0,0,0,0,0,0,0,0,0,0,0,0,0,0,0,0,0,0,0,0,0,0,0,0
Dhaka,1978,2,0,0,0,2,0,0,0,0,6,0,0,0,0,0,0,0,0,0,10,2,0,0,0,0,0,0,0,0,,,
Dhaka,1978,3,0,0,0,0,0,0,0,0,0,0,0,3,0,0,0,0,0,0,0,0,0,0,4,0,0,0,0,0,0,11,0
Dhaka,2000,6,1,0,0,0,0,1,12,0,17,4,23,8,0,0,0,1,28,2,4,11,4,7,7,4,20,0,0,0,0,11,
Dhaka,2001,6,17,0,5,20,16,61,10,23,0,7,0,18,4,6,49,6,59,6,16,29,11,1,0,0,0,0,3,9,1,9,
Dhaka,2002,6,0,31,47,0,30,0,0,12,0,5,21,1,33,59,33,0,5,8,0,0,1,18,41,7,1,3,7,0,10,0,
Dhaka,2003,6,0,0,0,0,6,93,0,45,0,8,0,10,0,0,66,0,0,3,0,2,13,86,11,14,0,0,1,61,17,37,
Dhaka,2004,6,0,0,15,13,0,0,29,0,0,0,1,29,6,39,1,0,67,0,49,21,4,39,21,70,13,25,25,7,1,1,
Dhaka,2005,6,0,0,0,1,1,84,0,10,0,0,6,0,0,11,52,2,21,1,0,0,0,1,25,12,5,0,3,10,14,0,
Dhaka,2006,6,24,2,35,36,11,2,4,0,2,40,58,0,0,0,2,4,71,0,14,14,2,4,0,0,0,0,0,0,1,0,
Dhaka,1978,11,0,0,0,0,0,0,0,0,0,0,0,0,0,0,0,0,0,0,0,0,0,0,0,0,0,0,0,0,0,0,
Dhaka,1978,12,0,0,0,0,0,0,0,0,0,0,0,0,0,0,0,0,0,0,0,0,0,0,0,0,0,0,0,0,0,0,0
Dhaka,1979,1,0,0,0,0,0,0,0,0,0,0,0,0,0,0,0,0,0,0,0,0,0,0,0,0,0,0,0,0,0,0,3
Dhaka,1979,2,0,8,4,0,0,0,0,1,0,0,0,0,0,0,0,0,0,0,0,0,0,0,0,0,0,0,0,0,,,
Dhaka,1979,3,0,0,0,0,0,0,0,0,4,0,0,0,0,0,0,0,0,0,0,0,0,0,0,2,0,0,0,0,0,0,0
Dhaka,2007,6,0,20,0,1,61,34,27,102,3,18,152,30,13,0,0,36,52,19,0,0,22,0,30,2,0,0,0,1,3,2,
Dhaka,2008,6,0,0,85,5,190,0,14,0,35,7,1,12,0,0,0,2,1,27,22,10,9,0,0,0,3,0,0,3,111,40,
Dhaka,2009,6,4,0,0,9,0,0,2,36,20,15,0,0,33,0,6,0,0,0,0,0,0,0,0,0,2,0,0,2,26,15,
Dhaka,2010,6,28,0,10,21,49,45,0,0,0,0,0,0,3,0,0,8,0,35,1,0,4,0,0,0,0,3,28,11,50,12,
Dhaka,2011,6,46,0,13,11,0,0,0,0,0,0,9,40,0,1,0,3,13,15,56,0,7,0,0,0,11,2,23,17,19,28,
Dhaka,2012,6,3,0,1,0,8,56,0,2,0,0,0,0,0,0,0,0,9,17,42,2,6,0,0,8,7,10,0,0,0,4,
Dhaka,2013,6,12,0,0,0,0,1,37,20,0,0,0,0,0,0,1,0,0,0,0,9,34,11,0,1,1,32,10,14,85,57,
Dhaka,1979,11,0,0,0,0,0,0,0,0,0,0,0,0,0,0,0,0,0,0,0,0,0,0,0,0,0,0,0,0,5,50,
Dhaka,1979,12,50,0,0,0,0,0,0,0,0,0,0,0,0,0,0,0,0,0,0,0,0,0,0,0,0,0,0,0,0,0,1
Dhaka,1980,1,0,0,3,0,0,0,0,0,0,0,0,0,0,0,0,0,0,0,0,0,0,0,0,0,0,0,0,0,0,0,0
Dhaka,1980,2,0,0,0,0,14,1,0,0,0,0,0,0,0,0,0,0,2,15,0,0,0,0,0,0,0,0,0,0,0,,
Dhaka,1980,3,30,7,0,1,0,0,0,0,0,0,0,0,0,0,0,0,0,0,0,0,0,0,0,0,0,11,3,0,0,1,1
Dhaka,2014,6,5,24,52,15,0,0,0,0,0,0,0,22,0,12,0,21,0,15,0,32,13,25,14,40,19,0,1,9,13,10,
Dhaka,1953,7,11,0,0,0,90,37,1,0,5,11,11,8,0,2,1,2,2,1,1,1,0,30,16,8,38,43,14,0,55,4,0
Dhaka,1954,7,1,4,0,0,0,1,11,2,4,1,24,4,87,14,3,2,1,0,0,5,1,5,24,0,0,0,68,58,0,0,0
Dhaka,1955,7,5,20,1,93,2,14,14,1,1,0,0,1,10,52,1,5,42,26,94,14,1,8,0,0,0,21,5,1,35,35,0
Dhaka,1956,7,1,18,0,1,1,8,1,20,1,0,56,20,20,326,8,3,1,0,1,4,14,4,9,75,7,18,0,18,0,0,55
Dhaka,1957,7,73,18,2,0,2,4,0,8,3,19,20,10,0,1,0,0,6,12,9,42,37,15,31,59,14,0,0,0,0,0,0
Dhaka,1958,7,5,1,3,0,0,0,4,45,2,8,9,8,3,2,0,6,4,0,0,3,1,2,0,58,3,1,0,2,6,6,2
Dhaka,1980,11,0,0,0,0,0,0,0,0,0,0,0,0,0,0,0,0,0,0,0,0,0,0,0,0,0,0,0,0,0,0,
Dhaka,1980,12,0,0,0,0,0,0,0,0,0,0,0,0,0,0,0,0,0,0,0,0,0,0,0,0,0,0,0,0,0,0,0
Dhaka,1981,1,0,0,0,0,0,0,0,2,0,0,0,2,0,0,0,0,0,0,0,0,0,0,0,0,0,0,0,0,0,0,6
Dhaka,1981,2,9,2,0,0,0,0,0,1,7,14,9,0,0,0,0,0,0,0,0,0,0,0,0,0,0,0,0,0,,,
Dhaka,1981,3,0,0,0,0,0,0,0,0,0,0,0,10,20,1,0,0,0,0,0,0,35,10,0,10,0,13,0,8,0,2,0
Dhaka,1959,7,3,0,0,11,12,18,2,10,16,26,8,7,0,0,0,0,13,2,1,10,8,10,1,36,6,2,6,7,11,3,1
Dhaka,1960,7,1,0,10,101,3,25,4,7,30,123,100,33,23,16,6,1,5,1,77,30,6,0,26,0,0,0,2,0,4,18,3
Dhaka,1961,7,13,0,1,0,8,12,22,19,5,12,3,17,4,5,111,14,2,3,2,1,3,21,17,0,1,0,0,0,0,0,0
Dhaka,1962,7,0,0,0,2,0,13,1,2,0,17,2,0,0,0,74,21,7,20,27,0,2,14,15,19,10,1,17,58,20,11,2
Dhaka,1963,7,8,0,7,1,0,0,2,13,3,3,3,0,86,86,27,23,1,1,3,21,25,35,2,1,5,4,14,6,6,6,12
Dhaka,1964,7,17,0,0,0,34,19,22,9,5,0,36,13,3,3,3,2,114,22,23,0,0,0,61,0,1,1,0,0,35,96,110
Dhaka,1965,7,22,19,1,1,0,5,21,56,38,11,13,2,0,0,1,1,2,3,1,3,24,0,3,2,0,9,1,24,18,21,2
Dhaka,1981,11,0,0,0,0,9,0,0,0,0,0,0,0,0,0,0,0,0,0,0,0,0,0,0,0,0,0,0,0,0,0,
Dhaka,1981,12,0,0,0,0,0,0,0,0,0,5,29,1,0,0,0,0,0,0,0,0,0,0,0,0,0,0,0,0,0,0,0
Dhaka,1982,1,0,0,0,0,0,0,0,0,0,0,0,0,0,0,0,0,0,0,0,0,0,0,0,0,0,0,0,0,0,0,0
Dhaka,1982,2,0,1,0,0,3,0,0,0,0,0,0,0,6,0,0,0,0,5,0,0,0,0,0,0,0,0,0,0,,,
Dhaka,1982,3,0,0,0,0,0,6,27,0,0,0,0,0,0,0,0,0,0,23,25,0,0,0,0,0,0,0,0,0,0,0,0
Dhaka,1966,7,10,24,53,6,1,6,0,1,3,0,16,29,1,61,0,1,1,4,1,4,6,4,0,0,0,14,5,6,0,16,18
Dhaka,1967,7,3,2,3,10,32,0,23,66,50,10,5,0,0,0,3,30,2,11,0,0,3,0,0,2,0,0,1,11,3,0,93
Dhaka,1968,7,0,1,0,1,6,14,53,55,23,83,138,0,35,0,30,0,0,0,3,10,0,0,0,0,6,12,5,0,1,3,1
Dhaka,1969,7,0,2,4,5,0,6,19,2,62,0,28,0,0,9,4,0,9,13,4,2,1,0,6,0,0,1,1,1,5,1,13
Dhaka,1970,7,7,1,0,0,0,2,3,6,4,14,15,110,152,12,0,0,1,2,0,0,5,28,40,15,3,49,0,8,6,8,5
Dhaka,1971,7,0,3,47,0,2,0,7,0,0,0,42,5,1,0,8,14,24,5,0,0,77,251,27,0,0,0,14,3,0,2,18
Dhaka,1972,7,0,3,6,0,0,1,7,11,2,3,0,0,0,30,1,11,12,1,2,10,5,0,99,16,1,1,0,0,22,5,0
Dhaka,1982,11,0,0,0,0,0,0,1,0,0,1,33,16,0,0,0,0,0,0,0,0,0,0,0,0,0,0,0,0,0,0,
Dhaka,1982,12,0,0,0,0,0,0,0,0,0,0,0,0,0,0,0,0,0,0,0,0,0,0,0,0,0,0,0,0,0,0,0
Dhaka,1983,1,0,0,1,0,0,0,0,0,0,7,0,0,0,0,0,0,0,0,0,0,0,0,0,0,0,0,0,0,0,6,***
Dhaka,1983,2,0,0,0,0,0,0,0,0,0,0,0,0,0,0,0,0,0,0,0,0,0,7,3,1,10,40,0,0,,,
Dhaka,1983,3,0,0,2,4,0,0,0,0,0,0,0,0,0,0,0,3,31,0,72,0,26,0,0,0,0,0,0,0,0,0,0
Dhaka,1973,7,***,***,***,***,***,***,***,*** *,**,***,***,***,***,***,***,***,***,***,***,***,***,***,***,***,***,***,***,***,***,***,***
Dhaka,1975,7,4,2,4,1,1,7,2,0,2,3,2,0,0,2,131,81,111,30,48,38,8,41,2,0,9,10,10,2,7,1,0
Dhaka,1976,7,0,33,10,11,4,0,0,103,0,52,28,28,0,1,7,18,6,1,3,3,4,5,0,5,13,2,0,5,0,4,0
Dhaka,1977,7,0,1,0,26,0,7,2,7,1,2,6,21,28,10,14,31,1,11,0,0,0,62,0,0,10,7,9,32,4,4,10
Dhaka,1978,7,0,0,0,0,3,27,0,0,0,0,0,10,24,0,0,20,36,8,7,62,1,7,1,18,5,17,8,50,12,3,1
Dhaka,1979,7,27,11,0,0,7,0,5,2,3,1,2,2,5,18,10,25,25,28,0,76,2,0,0,4,12,0,0,2,0,0,0
Dhaka,1980,7,1,0,6,17,20,1,7,10,2,15,0,9,21,53,7,55,1,2,2,38,41,1,12,1,8,19,13,5,0,8,5
Dhaka,1983,11,0,0,0,0,0,0,0,0,0,0,0,0,0,***,***,0,0,0,0,0,0,0,0,0,0,0,0,0,0,0,
Dhaka,1983,12,0,0,0,0,0,0,0,0,0,0,0,0,0,0,0,0,0,0,0,0,0,0,0,0,0,1,16,1,0,0,0
Dhaka,1984,1,0,0,0,0,0,0,0,0,0,0,0,0,0,0,0,0,6,0,0,0,1,0,0,6,0,0,0,0,0,0,0
Dhaka,1984,2,0,0,0,0,0,0,0,0,1,0,0,0,0,0,0,0,0,0,0,0,0,0,0,0,0,0,0,0,0,,
Dhaka,1984,3,0,0,0,0,0,0,0,0,0,0,0,0,0,0,1,0,0,0,0,0,0,0,0,0,0,4,0,0,0,0,0
Dhaka,1981,7,14,26,79,2,0,0,0,4,11,2,0,3,6,7,2,47,7,14,9,27,1,3,0,8,0,0,34,7,0,23,20
Dhaka,1982,7,0,0,19,0,0,12,0,0,0,0,0,5,16,0,0,0,0,0,0,2,12,13,1,7,5,28,0,5,2,8,1
Dhaka,1983,7,0,6,4,45,21,0,0,0,0,0,0,0,0,0,0,0,0,2,0,2,1,18,40,4,0,1,25,6,0,4,0
Dhaka,1984,7,4,5,1,1,0,9,1,22,13,39,60,4,1,1,151,50,2,16,2,4,4,1,84,102,3,1,7,0,25,45,36
Dhaka,1985,7,6,12,2,1,21,4,8,4,5,28,14,1,2,0,1,5,11,12,0,0,3,31,32,0,40,14,0,0,4,0,1
Dhaka,1986,7,80,2,0,0,18,0,0,5,0,24,1,0,0,3,10,1,0,0,10,0,10,9,113,2,28,56,29,0,32,8,2
Dhaka,1987,7,0,7,20,2,24,40,19,49,6,1,4,4,8,8,22,0,6,2,14,8,2,11,2,13,89,59,30,14,33,21,8
Dhaka,1984,11,0,0,0,0,0,0,0,0,0,0,0,0,0,0,0,0,0,0,0,0,0,0,0,0,0,0,0,0,0,0,
Dhaka,1984,12,0,0,0,0,0,0,0,0,0,0,0,0,0,0,0,0,0,0,0,0,0,0,0,0,0,0,0,0,0,0,0
Dhaka,1985,1,0,4,0,0,0,0,3,1,0,0,0,0,0,0,0,0,0,0,0,0,0,0,0,0,0,0,0,0,0,0,0
Dhaka,1985,2,0,0,0,0,0,0,0,0,0,0,0,0,0,0,1,0,0,0,0,0,0,0,0,0,0,0,0,0,,,
Dhaka,1985,3,0,0,0,0,0,0,0,0,0,0,0,0,0,0,0,0,0,0,0,8,0,0,0,41,91,23,0,6,26,0,0
Dhaka,1988,7,0,2,4,16,14,23,40,18,24,4,9,26,2,3,14,6,2,0,2,1,0,10,7,2,0,16,6,3,0,0,1
Dhaka,1989,7,2,46,15,6,1,27,2,8,4,0,24,51,9,0,32,0,0,1,4,8,8,5,0,2,0,0,0,2,40,50,0
Dhaka,1990,7,0,2,10,48,52,80,3,16,33,9,11,7,1,6,1,1,22,0,9,9,48,10,2,0,17,26,2,94,39,8,1
Dhaka,1991,7,0,6,0,19,42,40,20,0,7,5,0,0,0,0,0,0,1,27,23,37,10,22,11,0,2,0,0,0,0,31,15
Dhaka,1992,7,0,0,6,37,7,28,0,15,0,2,12,47,0,0,0,4,66,10,2,67,20,12,0,18,0,2,9,9,7,0,6
Dhaka,1993,7,1,15,54,3,0,14,28,4,0,13,4,3,2,2,3,28,23,7,0,18,72,63,18,24,14,0,2,3,0,0,3
Dhaka,1994,7,0,1,9,0,11,0,65,19,0,0,7,0,10,0,0,14,5,3,0,0,8,0,0,1,0,0,0,0,0,0,0
Dhaka,1985,11,0,0,0,0,0,0,0,0,0,0,0,0,0,0,0,0,0,0,0,0,0,0,0,0,0,0,0,0,0,0,
Dhaka,1985,12,0,0,0,0,0,0,0,0,0,0,0,0,0,0,0,0,0,0,0,0,0,0,0,0,0,0,0,0,10,0,0
Dhaka,1986,1,0,0,0,0,0,0,0,0,0,0,0,0,0,0,0,20,2,0,0,0,0,0,0,0,0,0,0,0,0,0,0
Dhaka,1986,2,0,0,0,0,0,0,0,0,0,0,0,0,0,0,0,0,0,0,0,0,0,0,0,0,0,0,0,0,,,
Dhaka,1986,3,0,0,0,0,0,0,9,0,0,0,0,0,0,0,0,10,0,0,0,0,0,0,0,0,0,4,0,0,0,0,0
Dhaka,1995,7,0,0,46,20,56,14,15,0,0,7,3,20,3,0,2,3,0,0,0,1,1,7,7,7,1,0,55,40,4,17,25
Dhaka,1996,7,16,18,62,13,0,2,11,0,0,1,1,0,0,0,0,0,1,0,0,0,6,5,0,1,3,0,40,27,9,5,36
Dhaka,1997,7,31,0,17,5,0,6,0,3,8,70,68,17,81,23,0,0,0,0,12,11,33,44,0,0,0,0,17,71,22,1,9
Dhaka,1998,7,0,0,1,6,14,8,8,8,2,1,13,12,49,76,53,60,4,85,19,23,0,38,21,2,3,3,0,0,7,5,0
Dhaka,1999,7,101,11,2,0,0,0,13,0,0,69,48,107,12,2,0,1,1,2,3,84,28,5,0,1,0,6,3,7,8,24,15
Dhaka,2000,7,0,0,0,0,0,0,1,27,6,25,0,0,7,6,7,3,0,1,18,10,11,47,6,11,3,0,8,0,0,0,0
Dhaka,2001,7,40,0,1,0,0,0,0,1,0,1,3,8,11,15,0,0,0,2,0,0,21,4,12,1,12,26,5,4,10,23,2
Dhaka,1986,11,0,0,0,0,0,7,0,0,74,91,0,0,0,0,0,0,0,0,0,0,0,0,0,0,0,0,0,0,0,0,
Dhaka,1986,12,0,0,0,0,0,0,0,0,0,0,0,0,0,0,0,0,0,0,0,0,0,0,0,0,0,0,0,0,3,0,0
Dhaka,1987,1,0,0,0,0,0,0,0,0,0,0,0,2,2,0,0,0,0,0,0,0,0,0,0,0,0,0,0,0,0,0,0
Dhaka,1987,2,0,0,0,0,0,0,0,0,0,0,0,0,0,0,0,0,0,0,0,0,0,0,0,0,0,0,0,0,,,
Dhaka,1987,3,0,0,0,0,15,0,0,0,1,0,0,0,1,0,0,0,0,0,0,0,16,0,0,0,0,0,0,0,0,0,0
Dhaka,2002,7,26,62,0,42,73,4,7,12,0,0,15,0,0,14,0,9,5,6,18,9,12,71,1,0,21,0,0,1,37,0,1
Dhaka,2003,7,22,0,0,5,12,3,8,3,14,0,3,15,7,0,2,1,2,0,0,0,0,0,0,5,8,30,0,4,23,20,4
Dhaka,2004,7,0,2,13,9,14,10,12,18,6,6,0,18,12,0,6,32,5,1,13,60,2,8,0,2,16,6,1,2,2,16,3
Dhaka,2005,7,0,59,101,61,21,18,0,0,0,5,5,16,1,122,33,25,0,0,0,11,28,4,5,2,11,2,0,0,0,5,7
Dhaka,2006,7,2,1,0,8,4,19,58,33,1,22,8,91,0,0,0,0,10,2,8,28,2,2,0,0,0,0,0,12,6,9,5
Dhaka,2007,7,0,18,1,6,6,17,1,19,12,0,18,0,0,0,15,70,25,2,15,16,32,72,136,80,41,27,63,9,48,0,4
Dhaka,2008,7,38,88,1,61,10,3,1,1,1,63,11,56,30,3,28,46,32,4,5,13,59,0,0,0,0,0,3,6,0,0,0
Dhaka,1987,11,0,0,0,0,0,0,0,0,0,0,0,0,0,0,0,7,0,0,0,0,0,0,0,0,0,0,0,0,0,0,
Dhaka,1987,12,0,0,0,0,0,0,0,0,0,0,0,0,2,31,0,0,0,0,0,0,0,0,0,0,0,0,0,0,0,0,0
Dhaka,1988,1,0,0,0,0,0,0,0,0,0,0,0,0,0,0,0,0,0,0,0,0,0,0,0,0,0,0,0,0,0,0,0
Dhaka,1988,2,0,0,0,0,0,0,0,0,0,0,0,0,0,0,0,0,6,0,0,0,0,0,0,30,1,7,0,0,0,,
Dhaka,1988,3,0,38,0,0,0,0,0,0,0,0,0,12,0,0,6,0,0,0,16,2,0,0,0,0,0,0,0,0,0,0,0
Dhaka,2009,7,36,29,40,7,0,0,11,2,5,9,4,0,5,0,0,6,1,0,3,0,0,0,2,2,15,0,89,333,17,41,19
Dhaka,2010,7,0,1,19,3,0,16,1,0,6,0,13,2,1,30,1,1,0,0,0,0,0,0,8,0,16,11,0,0,9,20,9
Dhaka,2011,7,35,34,7,0,0,1,1,33,7,0,0,7,9,1,21,1,0,25,21,84,23,32,14,0,0,0,0,0,0,0,0
Dhaka,2012,7,17,7,2,18,29,2,4,0,1,10,1,4,16,6,14,0,0,51,2,2,1,5,5,0,0,0,9,1,18,1,0
Dhaka,2013,7,5,0,0,0,28,0,0,0,0,0,1,0,5,6,3,0,1,1,2,41,11,2,0,1,0,5,29,122,35,3,1
Dhaka,1953,8,43,16,1,2,4,0,18,3,0,10,1,0,27,17,0,0,2,9,29,50,26,1,2,17,9,1,25,8,5,0,0
Dhaka,1954,8,0,2,0,1,1,0,0,3,3,28,0,9,121,1,3,5,5,3,42,47,51,13,13,11,8,6,0,5,51,1,0
Dhaka,1988,11,0,0,0,0,0,0,0,0,0,0,0,0,0,0,0,0,0,0,0,0,1,0,0,0,0,0,0,0,17,135,
Dhaka,1988,12,2,1,0,0,0,0,0,0,0,0,0,0,0,0,0,0,0,0,0,0,0,0,0,0,0,0,0,0,0,0,0
Dhaka,1989,1,0,0,0,0,0,0,0,0,0,0,0,0,0,0,0,0,0,0,0,0,0,0,0,0,0,0,0,0,0,0,0
Dhaka,1989,2,0,0,0,0,0,0,0,0,0,0,0,0,0,0,6,0,0,0,25,1,0,0,0,0,0,0,0,0,,,
Dhaka,1989,3,0,0,0,0,0,0,0,0,0,0,0,0,0,0,0,0,0,0,0,0,0,0,0,0,0,0,0,0,0,0,0
Dhaka,1955,8,2,0,0,3,6,0,15,1,9,1,1,1,8,20,96,7,10,1,1,24,24,3,3,0,1,0,8,2,0,0,0
Dhaka,1956,8,1,10,5,5,0,0,1,10,0,1,7,10,14,3,29,2,58,83,165,12,2,4,10,51,1,0,0,1,0,4,0
Dhaka,1957,8,16,2,2,0,0,16,2,2,0,0,2,0,8,20,0,0,0,0,0,0,0,5,9,0,2,10,17,9,0,0,3
Dhaka,1958,8,1,5,6,0,137,3,0,0,30,6,1,19,0,4,5,3,3,7,7,0,0,0,0,5,0,0,3,11,5,4,2
Dhaka,1959,8,9,41,15,39,1,2,0,0,0,21,3,5,9,18,17,47,81,26,1,1,0,1,0,5,47,0,2,14,0,8,0
Dhaka,1960,8,2,16,4,19,14,5,7,0,1,1,1,6,0,4,0,15,13,0,0,5,3,0,8,9,1,0,16,5,1,2,31
Dhaka,1961,8,3,6,19,99,30,1,2,30,10,12,1,0,0,0,2,7,0,0,0,2,9,0,4,9,4,4,4,0,22,8,0
Dhaka,1989,11,0,0,0,0,0,0,0,0,0,0,0,0,0,0,0,0,0,0,0,0,0,0,0,0,0,0,0,0,0,0,
Dhaka,1989,12,0,0,0,0,0,0,0,0,0,0,0,0,0,0,0,0,0,0,0,0,0,0,0,0,0,0,12,0,0,0,0
Dhaka,1990,1,0,0,0,0,0,0,0,0,0,0,0,0,0,0,0,0,0,0,0,0,0,0,0,0,0,0,0,0,0,0,0
Dhaka,1990,2,0,0,0,0,0,0,0,0,0,0,0,0,0,0,8,0,0,0,2,0,0,0,12,0,0,14,0,0,,,
Dhaka,1990,3,0,3,3,0,0,0,0,0,0,0,0,0,4,0,0,0,0,0,0,0,0,0,3,79,42,12,0,2,3,0,0
Dhaka,1962,8,0,0,3,16,4,2,2,1,5,21,37,0,9,17,5,1,3,8,36,66,22,0,4,2,0,0,0,0,7,2,0
Dhaka,1963,8,0,0,42,40,11,0,2,18,1,6,9,14,1,0,0,1,10,0,11,0,0,0,0,0,4,1,8,7,0,0,0
Dhaka,1964,8,0,0,0,0,21,12,0,1,2,0,8,22,5,0,2,6,5,0,3,3,0,5,5,22,4,19,3,3,0,4,0
Dhaka,1965,8,15,7,27,6,12,2,0,9,0,1,71,10,0,135,3,19,7,5,1,0,13,10,15,23,40,9,0,5,31,0,4
Dhaka,1966,8,15,8,5,3,0,9,16,4,1,18,1,7,0,0,0,0,55,11,1,0,1,0,15,1,26,4,1,0,1,2,101
Dhaka,1967,8,31,1,1,2,2,1,90,46,56,51,7,0,1,0,0,0,2,9,4,0,0,3,26,9,17,98,1,0,19,2,25
Dhaka,1968,8,15,22,10,3,4,10,0,8,10,5,1,1,4,6,26,2,2,1,1,0,0,0,35,1,15,23,3,4,0,0,0
Dhaka,1990,11,0,0,0,1,28,6,0,0,0,0,1,67,0,0,0,0,0,0,0,0,0,0,0,0,0,0,0,0,0,0,
Dhaka,1990,12,0,0,0,0,0,0,0,0,0,0,0,0,0,0,0,0,0,6,0,0,0,0,0,0,0,0,0,0,0,0,0
Dhaka,1991,1,0,0,2,24,0,0,0,0,0,0,0,0,1,0,0,0,0,0,0,0,0,0,0,0,0,0,0,0,0,0,0
Dhaka,1991,2,0,0,0,3,5,0,0,0,0,0,0,0,0,0,0,0,0,0,0,0,0,0,0,0,0,0,0,0,,,
Dhaka,1991,3,10,0,2,0,0,0,0,0,0,0,0,0,0,14,0,0,0,0,0,0,0,0,0,0,1,0,0,4,12,3,0
Dhaka,1969,8,22,31,38,1,10,3,0,0,17,33,54,3,1,34,39,34,22,18,86,8,45,6,13,0,0,0,1,5,16,0,0
Dhaka,1970,8,9,0,0,0,3,8,3,17,2,3,1,7,19,0,1,8,0,41,1,0,30,6,10,1,2,0,1,16,55,24,12
Dhaka,1971,8,8,83,12,18,6,2,0,19,4,15,33,5,8,7,74,44,31,24,37,20,0,0,1,0,2,10,7,30,16,19,5
Dhaka,1972,8,1,0,18,3,3,70,3,76,0,1,1,5,7,7,25,17,22,0,0,0,59,2,11,1,22,3,8,5,0,10,0
Dhaka,1973,8,15,7,0,0,0,19,3,2,1,1,13,33,13,0,0,0,0,12,18,9,40,4,0,0,5,0,7,3,1,32,0
Dhaka,1975,8,0,0,0,3,12,0,0,135,7,4,3,0,0,10,11,0,15,0,0,12,2,3,0,0,1,0,5,50,16,1,17
Dhaka,1976,8,0,6,12,20,11,9,4,6,0,0,0,0,6,49,53,90,33,13,0,0,0,15,0,0,5,3,0,1,2,16,7
Dhaka,1991,11,14,0,0,0,0,0,0,0,0,0,0,0,0,0,0,0,0,0,0,0,0,0,0,0,0,0,0,0,0,0,
Dhaka,1991,12,0,0,0,0,0,0,0,0,0,0,0,0,0,0,0,0,0,0,0,0,0,0,0,0,34,39,33,0,0,0,0
Dhaka,1992,1,0,1,0,0,0,0,0,0,0,0,0,0,0,0,0,0,0,0,0,0,0,0,0,0,0,0,0,0,0,0,0
Dhaka,1992,2,17,0,0,0,0,0,0,23,0,0,0,0,0,0,0,0,0,4,0,0,0,2,0,1,0,0,0,0,0,,
Dhaka,1992,3,0,0,0,0,0,0,0,0,0,0,0,0,0,0,0,0,0,0,0,0,0,0,0,0,0,0,0,0,0,0,0
Dhaka,1977,8,7,13,0,0,0,1,5,1,0,0,1,0,0,0,0,4,19,0,0,1,0,1,0,0,0,21,0,2,10,2,4
Dhaka,1978,8,5,0,8,45,9,2,18,1,1,0,0,1,0,85,1,4,0,0,0,9,2,91,4,0,5,6,0,6,0,82,41
Dhaka,1979,8,4,0,1,0,8,21,14,22,53,1,0,0,0,94,72,64,2,2,0,96,12,0,0,16,43,0,0,0,0,0,0
Dhaka,1980,8,1,0,1,1,17,1,7,15,10,2,1,0,0,18,0,1,8,1,0,0,0,4,5,21,1,41,35,35,30,0,13
Dhaka,1981,8,10,3,12,4,0,0,2,19,7,12,0,17,20,17,0,4,0,1,2,9,1,12,19,15,0,0,0,0,0,2,0
Dhaka,1982,8,21,21,77,1,0,0,2,1,37,9,0,25,18,27,1,0,0,3,4,2,5,18,23,28,0,0,0,0,0,23,0
Dhaka,1983,8,1,0,28,133,66,20,8,0,0,1,2,1,0,3,4,6,7,2,2,0,0,1,41,59,25,11,0,0,0,0,16
Dhaka,1992,11,0,0,0,0,0,0,0,0,0,0,0,0,0,0,0,0,0,0,0,0,0,0,0,0,2,0,0,0,0,0,
Dhaka,1992,12,0,0,0,0,0,0,0,0,0,0,0,0,0,0,0,0,0,0,0,0,0,0,0,0,0,0,0,0,0,0,0
Dhaka,1993,1,0,0,0,0,0,0,0,0,0,0,0,0,0,0,0,0,0,0,0,0,0,0,0,0,0,0,0,0,0,0,0
Dhaka,1993,2,0,8,0,0,0,0,0,0,0,0,0,0,0,0,0,0,0,0,22,21,0,1,0,0,0,0,0,0,,,
Dhaka,1993,3,0,0,0,0,0,0,0,0,0,0,0,0,0,0,1,0,0,0,0,0,0,0,23,1,0,11,52,0,0,0,0
Dhaka,1984,8,6,26,3,1,4,44,27,4,2,0,1,0,3,8,5,10,16,33,2,3,4,5,0,4,42,9,10,14,11,14,0
Dhaka,1985,8,14,1,8,0,0,2,12,19,14,0,1,21,26,0,1,2,9,2,1,2,1,69,21,0,68,11,11,1,0,0,0
Dhaka,1986,8,0,0,2,6,12,8,1,0,28,1,1,12,0,3,10,1,1,0,1,1,18,5,12,7,0,30,5,1,0,5,0
Dhaka,1987,8,128,44,2,0,0,0,1,0,0,0,1,12,0,2,0,0,1,28,0,8,9,31,2,3,9,7,138,30,5,1,0
Dhaka,1988,8,2,0,1,6,3,4,0,0,1,0,6,34,2,10,2,0,3,0,0,2,3,22,20,3,4,0,0,0,40,1,0
Dhaka,1989,8,1,1,1,0,0,0,2,0,1,5,7,8,1,0,0,0,0,1,0,0,0,22,0,0,2,0,0,0,0,7,0
Dhaka,1990,8,0,13,4,36,0,11,14,3,0,0,0,0,0,11,0,20,5,1,0,57,0,7,0,0,0,8,30,6,1,0,0
Dhaka,1993,11,3,0,0,15,0,0,0,0,0,0,0,0,0,0,0,0,0,0,1,0,0,0,0,0,0,0,0,0,0,0,
Dhaka,1993,12,0,0,0,0,0,0,0,0,0,0,0,0,0,0,0,0,0,0,0,0,0,0,0,0,0,0,0,0,0,0,0
Dhaka,1994,1,0,0,0,0,0,0,0,0,0,0,0,0,0,0,0,0,2,0,0,0,0,0,0,0,0,0,0,0,0,0,11
Dhaka,1994,2,3,7,8,0,0,0,0,0,0,1,0,0,0,0,0,0,0,0,0,0,0,19,16,0,0,0,0,0,,,
Dhaka,1994,3,0,0,0,0,0,0,0,0,0,0,0,0,0,0,0,0,0,0,0,0,0,0,0,0,0,0,0,37,10,47,21
Dhaka,1991,8,1,9,52,32,14,17,0,0,3,2,0,2,0,2,1,29,3,6,0,0,0,6,12,27,3,53,12,4,1,0,54
Dhaka,1992,8,14,7,7,4,0,1,90,1,4,0,0,0,0,3,0,2,0,0,0,1,3,11,2,9,0,3,8,3,9,0,0
Dhaka,1993,8,0,8,0,4,12,17,3,1,9,38,0,5,6,2,1,0,9,3,1,17,28,35,27,115,68,15,0,8,0,0,0
Dhaka,1994,8,0,3,10,3,5,3,14,1,5,1,12,59,10,13,10,11,0,0,3,3,0,36,5,8,9,0,1,5,0,0,16
Dhaka,1995,8,2,2,0,10,13,22,0,20,3,1,0,0,70,83,36,5,1,0,5,47,7,1,0,0,1,0,12,10,8,0,1
Dhaka,1996,8,42,6,4,17,10,10,28,6,7,7,0,5,0,30,1,1,1,31,6,8,30,53,2,0,0,1,0,0,12,30,13
Dhaka,1997,8,6,0,5,0,22,5,0,4,26,19,21,15,21,17,1,4,0,0,2,0,5,2,2,3,0,0,0,7,16,13,14
Dhaka,1994,11,0,14,0,0,0,0,0,0,0,0,0,0,0,0,0,0,0,0,0,0,0,0,0,0,0,0,0,0,0,0,
Dhaka,1994,12,0,0,0,0,0,0,0,0,0,0,0,0,0,0,0,0,0,0,0,0,0,0,0,0,0,0,0,0,0,0,0
Dhaka,1995,1,0,0,0,0,0,0,0,0,2,4,0,0,0,0,0,0,0,2,0,0,0,0,0,0,0,0,0,0,0,0,0
Dhaka,1995,2,0,0,0,0,0,0,0,0,0,0,0,0,0,0,0,2,0,0,14,0,0,0,0,15,0,0,0,0,,,
Dhaka,1995,3,0,0,0,0,0,0,0,0,0,0,0,0,0,0,0,0,0,0,0,0,0,0,0,0,0,0,0,0,0,0,0
Dhaka,1998,8,0,0,27,7,12,7,5,5,1,0,18,1,91,117,21,0,8,122,1,5,0,0,0,42,19,10,11,4,0,0,18
Dhaka,1999,8,1,2,0,3,0,3,1,2,3,13,28,0,28,11,6,31,4,0,3,8,1,5,0,0,0,9,32,72,7,3,6
Dhaka,2000,8,4,133,126,3,10,2,0,0,0,1,0,5,4,23,24,0,3,0,1,0,5,0,0,0,0,5,0,5,0,2,3
Dhaka,2001,8,45,0,13,0,12,9,0,5,58,0,4,5,1,5,0,5,2,6,0,10,1,0,4,1,3,10,1,1,0,4,0
Dhaka,2002,8,0,18,20,4,2,0,2,1,1,3,46,14,2,43,3,16,4,17,5,2,0,13,2,1,0,1,9,6,37,0,0
Dhaka,2003,8,2,5,0,0,0,0,0,0,0,4,22,23,67,8,3,0,0,0,18,4,0,9,7,6,1,0,0,0,7,13,3
Dhaka,2004,8,3,0,2,5,22,9,6,0,13,4,1,9,15,8,1,0,0,0,0,9,0,1,0,1,0,31,0,50,0,0,1
Dhaka,1995,11,2,0,0,0,0,0,0,0,0,75,25,0,0,0,0,0,0,0,0,0,0,0,0,0,2,8,0,0,0,0,
Dhaka,1995,12,0,0,0,0,0,0,0,0,0,0,0,0,0,0,0,0,0,0,0,0,0,0,0,1,0,0,0,0,0,0,0
Dhaka,1996,1,0,0,0,0,0,0,0,0,0,0,0,0,0,0,0,0,0,0,0,0,0,0,0,0,0,0,0,0,0,0,0
Dhaka,1996,2,0,0,0,0,0,0,0,0,0,0,0,0,0,0,0,0,0,0,0,0,1,0,0,0,4,0,14,2,0,,
Dhaka,1996,3,0,0,0,0,0,0,0,0,0,0,0,0,0,0,0,0,0,0,0,0,0,0,8,0,0,0,46,0,0,0,0
Dhaka,2005,8,0,0,1,0,13,22,1,4,26,71,22,25,68,1,1,7,19,8,6,2,10,6,12,6,30,0,0,0,0,0,0
Dhaka,2006,8,1,1,0,0,0,35,2,1,4,29,1,0,0,1,4,0,0,1,0,17,34,0,11,6,0,1,0,1,8,8,1
Dhaka,2007,8,38,4,0,0,0,8,3,6,10,0,6,9,4,59,9,37,8,61,0,0,29,11,0,0,119,1,63,0,1,1,18
Dhaka,2008,8,0,4,1,7,2,18,0,0,5,7,65,19,12,8,8,0,5,10,26,48,1,0,0,13,0,0,8,3,39,9,1
Dhaka,2009,8,8,0,14,2,0,4,75,3,12,0,0,0,1,1,0,29,7,5,70,55,5,1,0,78,8,0,13,35,0,0,56
Dhaka,2010,8,14,23,0,0,31,0,2,0,6,0,5,82,1,1,20,6,3,0,0,65,2,9,0,0,21,34,3,5,0,0,7
Dhaka,2011,8,0,0,7,5,2,26,22,9,79,94,15,7,0,11,0,0,32,28,0,5,1,3,12,9,37,3,2,0,0,0,0
Dhaka,1996,11,0,0,0,0,0,0,0,0,0,0,0,0,0,0,0,0,0,0,0,0,0,0,0,0,0,0,0,0,0,0,
Dhaka,1996,12,0,0,0,0,0,0,0,0,0,0,0,0,0,0,0,0,0,0,0,0,0,0,0,0,0,0,0,0,0,0,0
Dhaka,1997,1,0,0,0,0,0,0,0,0,0,0,0,0,0,0,0,0,0,0,0,0,0,2,0,0,0,0,0,0,0,0,0
Dhaka,1997,2,1,0,0,0,0,0,0,0,0,0,0,0,0,0,0,0,0,0,0,4,2,0,0,0,0,0,0,0,,,
Dhaka,1997,3,2,0,0,0,0,0,0,0,0,0,0,0,0,0,1,0,0,0,0,0,0,0,3,0,6,0,0,0,0,48,22
Dhaka,2012,8,11,1,0,9,1,2,6,26,16,0,0,2,54,13,2,0,7,0,1,8,34,40,0,2,24,0,0,21,1,1,0
Dhaka,2013,8,4,6,0,17,0,3,20,39,1,1,18,4,4,1,0,30,8,1,0,0,1,11,7,0,0,0,17,5,4,9,1
Dhaka,1953,9,9,0,0,47,2,28,0,0,74,7,1,4,0,67,3,8,8,41,10,0,0,0,0,0,0,5,31,7,0,0,
Dhaka,1954,9,20,9,1,6,0,0,59,0,10,3,0,1,6,***,6,4,3,14,0,0,0,***,24,0,1,0,0,0,0,0,
Dhaka,1955,9,3,1,3,10,3,5,2,4,1,19,19,6,7,10,0,3,10,19,0,0,0,0,0,0,24,0,0,0,0,0,
Dhaka,1956,9,0,0,0,36,0,0,0,21,48,10,8,2,0,0,0,0,0,1,0,11,3,1,0,33,78,34,0,0,0,0,
Dhaka,1957,9,2,7,0,0,1,26,1,0,0,5,0,0,0,0,0,0,0,0,0,0,0,9,1,14,5,67,1,0,0,5,
Dhaka,1997,11,0,0,0,0,0,0,0,0,0,0,0,0,0,1,0,0,0,0,0,0,0,0,0,0,0,0,0,0,0,0,
Dhaka,1997,12,0,0,0,0,0,0,0,0,0,7,15,0,0,0,0,0,0,0,0,0,0,0,0,0,0,0,0,0,0,0,0
Dhaka,1998,1,0,0,0,0,0,0,0,0,0,0,0,0,0,0,0,0,0,0,0,0,18,30,0,0,0,0,0,0,1,0,0
Dhaka,1998,2,0,0,0,0,0,0,0,0,0,0,0,0,0,0,0,0,0,0,1,0,0,0,0,0,0,2,1,0,,,
Dhaka,1998,3,0,0,0,0,0,0,0,30,0,0,0,0,0,1,0,0,0,0,0,0,0,0,3,6,30,0,0,0,0,0,13
Dhaka,1958,9,2,10,0,0,0,1,1,26,2,0,1,0,0,1,2,0,0,0,5,0,16,1,0,0,0,0,6,1,16,0,
Dhaka,1959,9,0,0,0,2,0,12,19,17,16,11,11,125,35,0,0,2,2,0,85,21,2,10,61,7,0,4,0,3,0,0,
Dhaka,1960,9,19,9,1,1,4,0,1,0,1,0,1,0,0,7,22,85,3,0,0,0,0,0,0,3,28,19,2,1,23,1,
Dhaka,1961,9,2,7,7,5,0,2,1,0,1,0,3,0,0,0,0,0,28,1,0,0,71,33,21,0,0,0,20,0,17,2,
Dhaka,1962,9,0,0,1,9,12,24,0,9 1,16,1,3,0,44,0,0,1,1,16,2,0,1,96,45,1,0,12,0,0,0,1,
Dhaka,1963,9,0,43,12,6,0,0,0,0,0,0,4,2,13,12,11,0,47,0,23,4,0,22,0,0,0,0,1,0,0,0,
Dhaka,1964,9,17,30,36,26,1,37,1,0,6,0,5,0,0,0,5,11,0,5,0,0,0,17,0,3,1,0,0,68,0,0,
Dhaka,1998,11,0,1,0,0,0,0,0,0,0,0,0,0,0,0,0,0,0,0,0,0,0,5,66,11,0,0,0,0,0,0,
Dhaka,1998,12,0,0,0,0,0,0,0,0,0,0,0,0,0,0,0,0,0,0,0,0,0,0,0,0,0,0,0,0,0,0,0
Dhaka,1999,1,0,0,0,0,0,0,0,0,0,0,0,0,0,0,0,0,0,0,0,0,0,0,0,0,0,0,0,0,0,0,0
Dhaka,1999,2,0,0,0,0,0,0,0,0,0,0,0,0,0,0,0,0,0,0,0,0,0,0,0,0,0,0,0,0,,,
Dhaka,1999,3,0,0,0,0,0,0,0,0,0,0,0,0,0,0,0,0,0,0,0,0,0,0,0,0,0,0,0,0,0,0,0
Dhaka,1965,9,2,1,1,0,1,1,3,18,15,71,1,0,2,7,0,0,10,21,93,3,26,0,0,0,0,19,0,2,3,0,
Dhaka,1966,9,28,8,3,1,48,9,1,11,0,20,59,10,1,7,13,257,0,1,0,1,5,0,0,0,0,0,0,0,0,13,
Dhaka,1967,9,1,8,23,4,0,24,21,12,5,28,0,0,1,0,0,1,14,30,4,0,1,5,8,7,0,0,8,19,21,21,
Dhaka,1968,9,0,0,0,0,11,0,0,2,0,1,0,0,0,2,1,12,26,4,12,0,0,0,0,6,32,9,10,0,0,0,
Dhaka,1969,9,0,0,0,0,3,4,0,1,0,1,14,18,2,6,0,0,6,0,6,26,0,0,0,43,47,22,0,0,2,0,
Dhaka,1970,9,3,19,29,18,3,0,20,0,1,3,16,0,0,34,14,2,0,0,0,11,0,2,1,2,0,0,0,0,21,1,
Dhaka,1971,9,0,0,0,7,2,37,62,22,0,0,1,0,15,0,0,0,0,0,0,0,26,6,11,0,0,3,***,3,6,58,
Dhaka,1999,11,0,0,13,0,0,0,0,0,0,0,0,0,0,0,0,0,0,0,0,0,0,0,0,0,0,0,0,0,0,0,
Dhaka,1999,12,0,0,0,0,0,0,0,0,0,0,0,0,0,0,0,0,0,0,0,0,0,0,0,0,0,0,0,0,0,0,0
Dhaka,2000,1,0,0,0,0,0,0,0,0,0,0,0,0,0,0,0,1,0,0,0,0,0,2,0,7,0,0,0,0,1,2,0
Dhaka,2000,2,0,0,0,0,1,38,5,0,0,0,0,0,0,0,0,0,0,0,0,0,0,0,0,0,0,0,0,0,0,,
Dhaka,2000,3,0,0,0,0,2,0,0,0,0,0,0,0,54,107,9,0,0,0,0,0,0,0,0,0,0,0,0,0,0,0,0
Dhaka,1972,9,14,0,0,18,21,0,0,0 *,**,31,0,3,0,0,0,0,3,0,0,0,0,7,3,0,0,3,0,0,0,7,
Dhaka,1973,9,7,0,2,2,7,0,6,2,0,0,0,14,7,0,0,2,8,168,9,0,1,27,57,4,3,0,0,0,0,22,
Dhaka,1975,9,0,5,6,0,1,4,11,4,13,31,1,1,1,0,0,8,143,32,0,8,0,0,0,23,7,5,7,0,0,18,
Dhaka,1976,9,13,0,0,0,0,0,0,0,0,3,0,3,0,34,4,1,15,0,0,0,0,0,0,12,26,2,6,32,12,2,
Dhaka,1977,9,17,21,0,1,0,0,2,0,15,0,0,0,7,11,1,1,6,0,9,0,8,0,0,0,0,0,27,0,0,5,
Dhaka,1978,9,2,11,5,0,1,4,8,0,0,40,7,0,0,0,0,0,0,0,1,5,8,0,0,0,37,50,5,2,1,5,
Dhaka,1979,9,3,0,0,58,1,0,0,0,0,0,40,41,3,0,5,0,0,25,0,0,0,0,0,97,0,0,0,0,103,6,
Dhaka,2000,11,0,0,0,0,0,0,0,0,0,0,0,0,0,0,0,0,0,0,0,0,0,0,0,0,0,0,0,0,0,0,
Dhaka,2000,12,0,0,0,0,0,0,0,0,0,0,0,0,0,0,0,0,0,0,0,0,0,0,0,0,0,0,0,0,0,0,0
Dhaka,2001,1,0,0,0,0,0,0,0,0,0,0,0,0,0,0,0,0,0,0,0,0,0,0,0,0,0,0,0,0,0,0,0
Dhaka,2001,2,0,0,0,0,0,0,0,0,0,0,0,0,0,0,0,0,0,0,0,0,0,1,0,0,0,0,0,0,,,
Dhaka,2001,3,1,0,0,0,0,0,0,0,0,0,0,0,0,0,0,0,0,7,0,0,0,0,1,0,0,0,0,0,23,0,1
Dhaka,1980,9,3,0,1,35,27,4,0,1,1,1,47,1,0,0,1,6,26,8,3,2,0,36,20,23,15,0,35,0,0,0,
Dhaka,1981,9,2,72,20,0,2,2,0,0,5,2,81,67,10,8,0,9,0,0,25,4,0,0,0,0,0,1,4,0,6,0,
Dhaka,1982,9,30,0,0,0,18,0,5,1,22,3,23,11,11,22,8,10,0,0,0,0,0,0,0,0,1,0,0,82,10,1,
Dhaka,1983,9,0,0,0,1,5,11,11,122,4,2,10,0,0,22,20,17,27,3,31,0,6,0,15,0,0,0,7,8,0,0,
Dhaka,1984,9,0,60,24,88,17,35,12,7,0,1,4,1,3,0,1,62,88,64,0,1,0,0,10,0,0,0,0,0,0,0,
Dhaka,1985,9,12,3,5,56,9,1,5,57,0,0,6,0,1,18,12,6,0,0,0,1,60,5,2,17,0,0,28,0,0,2,
Dhaka,1986,9,25,0,1,11,3,0,3,40,68,21,20,9,0,0,3,0,4,1,0,0,0,0,65,10,2,37,145,176,2,41,
Dhaka,2001,11,0,0,0,0,0,0,3,1,0,0,1,6,3,0,0,0,0,0,1,3,0,0,0,0,0,0,0,0,0,0,
Dhaka,2001,12,0,0,0,0,0,0,0,0,0,0,0,0,0,0,0,0,0,0,0,0,0,0,0,0,0,0,0,0,0,0,0
Dhaka,2002,1,0,0,0,0,0,0,0,0,0,0,0,0,0,0,0,0,0,0,0,0,0,0,14,2,0,0,0,0,5,1,0
Dhaka,2002,2,0,0,0,0,0,0,0,0,0,0,0,0,0,0,0,0,0,0,0,0,0,0,2,0,0,2,0,0,,,
Dhaka,2002,3,0,0,1,1,0,0,0,0,0,0,0,0,0,0,0,0,0,0,0,0,0,0,0,5,9,15,8,12,0,0,0
Dhaka,1987,9,0,0,1,38,2,5,7,0,0,1,9,17,14,0,1,0,0,0,0,24,0,22,73,8,82,7,0,0,47,5,
Dhaka,1988,9,0,0,20,11,0,42,1,0,18,15,29,0,1,0,1,6,17,0,2,11,0,0,0,0,13,0,0,0,1,8,
Dhaka,1989,9,1,1,0,1,59,38,12,0,0,10,30,1,4,5,15,0,0,0,12,1,1,1,4,6,0,43,16,36,8,0,
Dhaka,1990,9,0,7,0,0,31,7,1,0,0,75,49,0,0,1,0,0,0,9,0,2,0,2,0,0,1,18,0,18,25,1,
Dhaka,1991,9,10,6,64,29,69,9,37,49,8,97,28,0,6,5,47,120,0,0,0,0,0,0,0,0,33,19,53,0,0,3,
Dhaka,1992,9,0,0,2,0,0,0,2,0,2,0,15,21,43,0,1,0,1,0,1,0,0,0,0,0,0,10,4,4,52,0,
Dhaka,1993,9,44,31,140,43,0,3,0,0,2,0,0,0,2,6,9,4,3,0,0,1,1,0,4,22,0,26,0,1,21,54,
Dhaka,2002,11,0,0,0,0,0,0,0,0,0,0,0,18,18,0,0,0,0,0,0,0,0,0,0,0,0,0,0,0,0,0,
Dhaka,2002,12,0,0,0,0,0,0,0,0,0,0,0,0,0,0,0,0,0,0,0,0,0,0,0,0,0,0,0,0,0,0,0
Dhaka,2003,1,0,0,0,0,0,0,0,0,0,0,0,0,0,0,0,0,0,0,0,0,0,0,0,0,0,0,0,0,0,0,0
Dhaka,2003,2,0,0,0,0,0,0,0,0,0,0,0,7,13,4,0,0,0,0,0,1,0,0,0,0,0,0,0,0,,,
Dhaka,2003,3,0,0,0,0,0,0,0,0,0,0,0,0,9,0,13,1,37,1,0,7,0,1,0,0,0,0,12,0,0,0,15
Dhaka,1994,9,12,0,0,0,6,10,0,0,54,18,44,0,15,0,0,0,0,4,0,6,0,0,0,0,0,0,0,0,0,0,
Dhaka,1995,9,0,4,13,13,1,14,0,0,0,6,0,0,1,0,0,0,7,33,6,13,35,0,0,0,1,16,23,1,11,7,
Dhaka,1996,9,0,14,2,30,9,1,6,1,2,0,0,1,3,0,0,0,46,9,13,8,7,16,4,0,0,0,52,5,14,1,
Dhaka,1997,9,2,9,0,3,8,35,28,2,0,0,0,6,19,27,0,6,27,0,0,0,0,27,26,121,0,12,42,1,0,39,
Dhaka,1998,9,0,0,23,1,9,19,2,0,5,8,1,6,0,25,14,0,37,11,0,5,6,44,0,0,0,0,0,24,0,6,
Dhaka,1999,9,24,0,0,0,0,0,0,36,5,4,10,0,1,0,0,4,0,10,40,1,41,125,39,17,2,0,0,2,0,0,
Dhaka,2000,9,73,0,1,0,0,1,0,4,5,12,12,0,0,0,5,18,0,3,16,30,24,0,0,12,0,0,0,0,0,0,
Dhaka,2003,11,0,0,0,0,0,0,0,0,0,0,0,0,0,0,0,0,0,0,0,0,0,0,0,0,0,0,0,0,0,0,
Dhaka,2003,12,0,0,0,0,0,0,0,0,0,0,0,0,0,0,0,0,1,1,39,0,0,0,0,0,0,0,0,0,4,0,0
Dhaka,2004,1,0,0,0,0,0,0,0,0,0,0,0,0,0,0,0,0,0,0,0,0,0,0,0,0,0,0,0,0,0,0,0
Dhaka,2004,2,0,0,0,0,0,0,0,0,0,0,0,0,0,0,0,0,0,0,0,0,0,0,0,0,0,0,0,0,0,,
Dhaka,2004,3,0,0,0,0,0,0,0,1,0,2,6,0,0,0,0,0,0,0,0,0,0,0,0,0,0,0,0,0,0,0,0
Dhaka,2001,9,13,6,0,0,0,0,15,0,19,10,2,11,1,23,0,0,2,54,7,0,0,0,0,19,25,0,0,0,0,2,
Dhaka,2002,9,0,0,0,16,0,0,42,0,1,1,2,0,0,0,0,9,0,0,0,0,0,11,1,2,7,26,2,35,0,1,
Dhaka,2003,9,3,19,7,5,0,0,8,4,0,2,2,11,29,15,0,8,1,3,2,4,4,11,6,1,3,50,61,0,0,5,
Dhaka,2004,9,6,0,7,11,22,1,0,0,3,9,32,29,156,341,23,51,20,0,20,0,0,31,12,0,0,21,2,3,13,26,
Dhaka,2005,9,30,1,0,0,0,12,0,67,18,11,14,1,0,20,0,0,0,0,0,128,64,1,8,7,61,2,4,35,30,0,
Dhaka,2006,9,7,0,17,0,0,0,0,0,35,0,40,185,12,0,8,0,0,0,15,5,25,114,86,99,0,0,0,0,14,1,
Dhaka,2007,9,0,1,0,1,18,35,6,15,14,0,57,14,2,0,1,3,0,4,0,1,0,0,0,3,2,2,0,0,0,0,
Dhaka,2004,11,0,0,0,0,0,0,0,0,0,0,0,0,0,0,0,0,0,0,0,0,0,0,0,0,0,0,0,0,0,0,
Dhaka,2004,12,0,0,0,0,0,0,0,0,0,0,0,0,0,0,0,0,0,0,0,0,0,0,0,0,0,0,0,0,0,0,0
Dhaka,2005,1,0,0,0,0,0,0,0,0,0,0,0,0,0,0,0,0,0,0,1,0,0,0,0,0,0,0,0,0,0,0,0
Dhaka,2005,2,0,0,0,0,0,0,0,0,0,0,0,0,0,0,0,0,0,0,0,2,0,1,0,0,0,0,0,0,,,
Dhaka,2005,3,0,0,0,0,0,0,0,0,0,0,0,0,0,0,0,0,0,0,0,2,0,0,4,46,11,0,0,0,0,0,92
Dhaka,2008,9,0,0,0,2,7,0,0,35,10,0,0,5,1,3,0,26,0,3,12,44,1,34,20,5,0,0,58,13,0,0,
Dhaka,2009,9,0,0,5,2,0,13,2,8,0,19,0,3,0,0,8,45,12,4,16,2,0,44,30,58,0,0,0,4,20,3,
Dhaka,2010,9,1,2,0,3,0,0,13,1,1,1,2,0,4,1,31,1,24,2,5,6,0,0,2,0,15,29,7,0,18,0,
Dhaka,2011,9,1,5,9,0,1,4,0,25,3,1,0,0,0,1,18,36,17,1,10,5,13,0,0,0,11,1,26,19,0,0,
Dhaka,2012,9,0,0,1,0,3,23,0,0,0,10,0,1,4,12,2,0,5,8,0,0,0,0,0,0,0,0,0,8,0,4,
Dhaka,2013,9,10,16,0,1,24,0,1,1,36,0,3,2,1,0,24,7,0,0,1,0,0,1,15,0,0,6,2,0,0,21,
Dhaka,1953,10,0,0,9,8,18,5,0,0,0,0,0,0,0,4,0,0,0,0,0,0,0,0,0,2,6,0,0,0,0,0,0
Dhaka,2005,11,0,0,0,0,0,0,0,0,0,3,0,0,0,0,0,0,0,0,0,0,0,0,0,0,0,0,0,0,0,0,
Dhaka,2005,12,0,0,0,0,0,0,0,0,0,0,0,0,0,0,0,0,0,0,0,0,0,0,0,0,0,0,0,0,0,0,0
Dhaka,2006,1,0,0,0,0,0,0,0,0,0,0,0,0,0,0,0,0,0,0,0,0,0,0,0,0,0,0,0,0,0,0,0
Dhaka,2006,2,0,0,0,0,0,0,0,0,0,0,0,0,0,0,0,0,0,0,0,0,0,0,0,0,0,0,0,0,,,
Dhaka,2006,3,0,0,0,0,0,0,0,0,0,0,0,0,0,0,0,0,0,0,0,0,0,0,0,0,0,0,0,0,0,0,0
Dhaka,1954,10,1,8,0,22,18,14,39,2,0,1,0,4,0,0,0,0,0,0,0,0,0,0,0,0,1,63,45,0,0,0,0
Dhaka,1955,10,0,1,7,0,0,0,0,24,0,0,4,2,2,0,0,0,0,0,0,0,0,7,0,20,4,0,0,0,0,0,0
Dhaka,1956,10,0,5,44,10,5,4,0,0,0,0,0,0,0,0,0,16,10,10,0,0,1,0,0,0,0,0,0,0,0,0,16
Dhaka,1957,10,0,0,0,1,1,2,2,0,0,0,0,0,0,0,0,0,0,23,0,0,0,0,0,0,0,0,0,0,0,0,0
Dhaka,1958,10,0,0,6,0,0,0,0,0,21,10,7,0,27,75,0,0,0,0,0,19,26,0,0,0,0,0,0,0,0,0,0
Dhaka,1959,10,51,36,107,72,43,4,0,0,9,1,19,1,1,2,21,92,17,0,0,0,0,0,15,9,0,0,0,0,6,61,1
Dhaka,1960,10,2,0,0,3,0,0,0,0,8,1,12,0,0,4,4,0,0,0,0,0,0,0,0,0,0,0,0,0,0,0,4
Dhaka,2006,11,0,2,0,0,0,0,0,0,0,0,0,1,0,0,0,0,0,0,0,0,0,0,0,0,0,0,2,0,0,0,
Dhaka,2006,12,0,0,0,0,0,0,0,0,0,0,0,0,0,0,0,0,0,0,0,0,0,0,0,0,0,0,0,0,0,0,0
Dhaka,2007,1,0,0,0,0,0,0,0,0,0,0,0,0,0,0,0,0,0,0,0,0,0,0,0,0,0,0,0,0,0,0,0
Dhaka,2007,2,0,0,0,0,10,0,0,3,4,0,0,0,0,9,4,0,0,0,0,0,0,0,0,0,0,0,0,0,,,
Dhaka,2007,3,0,9,1,0,0,0,0,0,0,0,0,0,0,0,0,0,0,0,0,0,0,0,1,0,0,0,0,0,0,0,0
Dhaka,1961,10,0,4,17,1,8,0,0,0,0,0,0,0,2,0,0,0,10,5,0,0,0,0,0,0,4,0,0,0,0,0,1
Dhaka,1962,10,72,29,2,0,0,0,1,0,0,0,0,0,5,0,2,0,0,0,0,0,0,0,0,0,0,0,2,1,1,44,21
Dhaka,1963,10,0,0,0,0,0,10,20,1,0,0,2,0,2,15,0,0,0,0,0,0,0,0,1,1,104,4,1,0,21,0,0
Dhaka,1964,10,0,0,0,9,30,73,11,0,0,0,0,0,0,0,0,0,0,0,56,19,15,0,13,1,0,28,17,11,0,0,0
Dhaka,1965,10,3,0,0,0,0,0,0,0,0,17,0,0,0,0,0,0,0,1,8,3,2,14,2,0,0,0,0,0,0,0,0
Dhaka,1966,10,51,24,23,1,0,14,1,0,0,0,0,0,80,11,1,18,0,0,10,0,6,3,0,0,18,0,0,0,0,0,0
Dhaka,1967,10,4,0,0,18,11,0,0,0,10,4,26,1,0,0,0,0,0,0,0,0,0,0,0,0,0,0,0,0,0,0,0
Dhaka,2007,11,2,1,0,0,12,0,0,0,0,0,0,0,0,0,1,95,0,0,0,0,0,0,0,0,0,0,0,0,0,0,
Dhaka,2007,12,0,0,0,0,0,0,0,0,0,0,0,0,0,0,0,0,0,0,0,0,0,0,0,0,0,0,0,0,0,0,0
Dhaka,2008,1,0,0,0,0,0,0,0,0,0,0,0,0,0,0,0,0,0,0,0,0,0,0,0,0,4,12,7,0,0,0,0
Dhaka,2008,2,0,0,0,0,0,0,0,0,0,2,0,0,0,0,0,0,0,0,0,54,0,0,0,0,0,0,0,0,0,,
Dhaka,2008,3,0,0,0,8,12,0,0,0,0,0,0,0,0,0,0,1,0,0,0,6,6,0,0,0,0,0,0,12,0,0,0
Dhaka,1968,10,0,0,13,35,0,18,0,0,0,0,0,0,0,0,0,0,0,0,0,0,0,0,0,0,0,0,0,0,0,3,0
Dhaka,1969,10,0,5,3,0,0,0,33,0,36,2,22,2,0,0,0,0,0,0,0,0,0,0,0,0,0,0,0,0,0,0,0
Dhaka,1970,10,3,39,116,48,26,10,25,2,7,0,0,0,0,0,0,0,0,0,0,0,0,40,41,65,0,0,0,0,0,0,5
Dhaka,1971,10,6,27,0,7,9,0,0,0,1,13,0,0,1,0,0,0,0,0,0,28,0,0,0,0,0,0,0,0,0,1,25
Dhaka,1972,10,4,0,0,0,0,0,17,0,70,9,0,0,0,0,0,0,0,0,5,0,0,0,0,0,0,0,0,0,0,0,0
Dhaka,1973,10,2,22,5,7,0,0,0,0,0,0,31,4,21,12,0,1,0,0,0,0,0,0,0,4,18,0,0,0,1,0,0
Dhaka,1975,10,0,28,39,0,1,54,0,0,0,34,45,4,2,0,0,0,2,9,5,1,0,0,0,0,0,1,0,0,7,0,0
Dhaka,2008,11,0,0,0,0,0,0,0,0,0,0,0,0,0,0,0,0,0,0,0,0,0,0,0,0,0,0,0,0,0,0,
Dhaka,2008,12,0,0,0,0,0,0,0,0,0,0,0,0,0,0,0,0,0,0,0,0,0,0,0,0,0,0,0,0,0,0,0
Dhaka,2009,1,0,0,0,0,0,0,0,0,0,0,0,0,0,0,0,0,0,0,0,0,0,0,0,0,0,0,1,0,0,0,0
Dhaka,2009,2,0,0,0,0,0,0,0,0,0,0,0,0,1,0,0,0,0,0,0,0,0,0,0,0,0,0,0,0,,,
Dhaka,2009,3,0,0,0,0,0,0,0,0,0,0,0,0,0,0,0,0,0,0,0,0,0,0,0,0,0,0,0,0,1,38,4
Dhaka,1976,10,17,18,1,6,5,0,27,0,0,0,0,0,0,0,0,0,0,0,17,21,2,0,0,0,0,0,0,0,0,0,0
Dhaka,1977,10,10,1,33,100,0,41,0,20,0,0,0,0,0,0,31,8,1,0,0,0,0,0,0,0,0,0,0,0,0,23,5
Dhaka,1978,10,0,23,15,6,2,0,0,0,4,0,5,0,0,0,3,1,0,0,3,0,0,0,0,0,0,0,0,0,0,36,0
Dhaka,1979,10,1,2,0,0,0,18,108,0,0,15,0,0,0,0,0,0,0,0,0,0,0,0,0,0,2,0,0,0,0,0,0
Dhaka,1980,10,1,0,3,13,0,12,0,10,0,0,1,0,0,1,0,0,0,91,15,84,41,28,0,0,0,0,0,0,0,0,0
Dhaka,1981,10,60,0,0,0,0,0,0,0,0,0,0,0,0,0,5,17,0,0,0,0,0,0,0,0,0,0,0,0,0,0,0
Dhaka,1982,10,0,0,0,1,0,0,0,0,0,0,0,0,0,0,0,25,0,0,0,0,0,75,0,45,0,0,0,0,0,0,0
Dhaka,2009,11,0,0,0,0,0,0,0,0,0,0,0,0,0,0,0,0,0,3,1,0,0,0,0,0,0,0,0,0,0,0,
Dhaka,2009,12,0,0,0,0,0,0,0,0,0,0,0,0,0,0,0,0,0,0,0,0,0,0,0,0,0,0,0,0,0,0,0
Dhaka,2010,1,0,0,0,0,0,0,0,0,0,0,0,0,0,0,0,0,0,0,0,0,0,0,0,0,0,0,0,0,0,0,0
Dhaka,2010,2,0,0,0,0,0,0,0,0,0,0,0,0,0,0,0,0,0,0,0,0,0,0,0,0,48,0,0,0,,,
Dhaka,2010,3,0,0,0,0,0,0,0,0,0,0,0,0,0,0,0,22,0,0,0,0,0,0,0,0,0,0,0,0,0,0,0
Dhaka,1983,10,0,0,0,0,0,13,52,7,2,12,8,14,0,0,26,1,0,0,0,0,116,0,0,0,2,0,0,0,0,0,0
Dhaka,1984,10,0,0,3,3,0,3,0,0,0,0,0,0,0,6,4,1,0,0,0,0,15,5,18,0,0,0,0,0,0,0,0
Dhaka,1985,10,5,0,0,0,0,0,0,0,0,0,0,0,4,0,0,6,64,0,0,0,0,0,0,0,0,0,0,0,0,0,0
Dhaka,1986,10,27,4,35,0,0,2,74,11,48,0,0,2,1,0,6,27,0,0,0,0,0,0,0,0,0,0,0,0,0,0,0
Dhaka,1987,10,0,0,0,0,0,0,0,16,37,3,0,0,0,0,0,0,0,0,0,0,48,0,0,0,0,0,0,0,0,0,0
Dhaka,1988,10,0,6,3,4,17,2,8,0,0,0,0,0,5,4,0,0,0,0,35,129,0,0,0,0,0,0,0,0,0,0,0
Dhaka,1989,10,0,0,0,0,0,0,26,1,39,5,10,7,0,0,0,0,1,33,118,0,0,0,0,0,0,0,0,0,0,0,0
Dhaka,2010,11,0,0,0,0,0,0,0,0,0,0,0,0,0,0,0,0,0,0,0,0,0,0,0,0,0,0,0,0,0,0,
Dhaka,2010,12,0,0,0,0,0,0,0,0,20,61,0,0,0,0,0,0,0,0,0,0,0,0,0,0,0,0,0,0,0,0,0
Dhaka,2011,1,0,0,0,0,0,0,0,0,0,0,0,0,0,0,0,0,0,0,0,0,0,0,0,0,0,0,0,0,0,0,0
Dhaka,2011,2,0,0,0,0,0,0,0,0,0,0,0,0,0,0,0,0,0,0,0,0,0,0,0,0,0,0,0,0,,,
Dhaka,2011,3,0,0,0,0,0,0,0,0,0,0,0,0,0,0,0,0,0,0,0,0,0,0,0,0,1,0,14,1,0,0,4
Dhaka,1990,10,1,2,3,33,7,0,0,27,54,54,0,0,0,0,0,0,0,0,0,0,0,0,0,0,0,0,0,0,0,0,0
Dhaka,1991,10,0,8,26,28,15,9,30,34,0,0,0,0,52,101,48,0,0,0,0,0,0,0,0,0,10,0,0,0,0,15,16
Dhaka,1992,10,0,0,0,0,0,1,4,0,0,0,6,0,0,8,26,1,29,0,0,0,4,4,0,0,0,0,0,0,0,0,0
Dhaka,1993,10,0,1,0,9,4,5,34,0,0,4,0,12,2,27,13,28,22,0,25,7,23,0,0,0,0,0,0,0,0,0,1
Dhaka,1994,10,0,0,0,0,12,22,5,9,3,4,0,0,0,0,0,0,0,0,0,0,0,0,0,0,0,0,0,0,0,0,0
Dhaka,1995,10,0,0,0,0,3,0,1,0,34,0,0,1,0,0,0,0,0,0,0,6,0,43,0,0,0,0,0,0,0,0,3
Dhaka,1996,10,0,11,3,3,0,125,1,0,0,0,0,0,0,0,0,0,0,0,0,0,0,0,0,0,0,0,37,27,150,0,0
Dhaka,2011,11,0,0,0,0,0,0,0,0,0,0,0,0,0,0,0,0,0,0,0,0,0,0,0,0,0,0,0,0,0,0,
Dhaka,2011,12,0,0,0,0,0,0,0,0,0,0,0,0,0,0,0,0,0,0,0,0,0,0,0,0,0,0,0,0,0,0,0
Dhaka,2012,1,0,0,1,0,0,0,1,0,0,7,1,0,0,0,0,0,0,0,0,0,0,0,0,0,0,0,0,0,0,0,0
Dhaka,2012,2,0,0,0,0,0,0,0,0,0,0,0,0,0,0,0,0,0,0,0,0,0,0,0,0,0,0,0,0,1,,
Dhaka,2012,3,1,0,0,0,0,0,0,0,0,0,0,0,0,0,0,0,0,36,0,0,0,0,0,0,0,0,0,0,0,0,0
Dhaka,1997,10,0,2,0,0,0,0,0,0,2,26,0,0,0,0,0,0,0,0,0,0,0,0,0,0,0,0,0,0,0,0,0
Dhaka,1998,10,0,2,0,44,2,0,0,0,0,0,0,1,0,0,0,10,18,0,1,10,9,1,0,0,0,0,0,0,0,0,2
Dhaka,1999,10,2,7,1,27,0,0,62,0,0,0,0,0,0,1,44,0,5,48,60,39,51,6,0,0,0,0,0,0,0,0,15
Dhaka,2000,10,5,9,0,0,2,0,0,15,0,18,5,0,0,0,0,0,0,0,0,0,5,0,0,0,0,0,5,55,158,1,0
Dhaka,2001,10,7,3,14,13,10,6,0,0,11,6,0,0,0,8,10,1,1,21,54,0,0,0,0,0,0,0,0,1,0,0,11
Dhaka,2002,10,3,0,0,0,0,0,0,0,1,4,1,6,0,0,7,0,0,0,17,13,0,0,0,0,0,0,0,0,0,0,0
Dhaka,2003,10,0,0,15,1,0,0,16,16,37,15,4,0,0,0,0,0,0,0,4,0,0,0,0,0,0,1,11,14,0,0,0
Dhaka,2012,11,0,0,0,4,22,18,24,0,0,0,0,0,0,0,0,0,0,0,0,0,0,0,0,0,0,0,0,0,0,0,
Dhaka,2012,12,0,0,0,0,0,0,0,0,0,0,0,5,0,0,0,0,0,0,0,0,0,0,0,0,0,0,0,0,0,0,0
Dhaka,2013,1,0,0,0,0,0,0,0,0,0,0,0,0,0,0,0,0,0,0,0,0,0,0,0,0,0,0,0,0,0,0,0
Dhaka,2013,2,0,0,0,0,0,0,0,0,0,0,0,0,0,0,0,0,0,8,0,0,0,0,0,0,0,0,0,0,,,
Dhaka,2013,3,0,0,0,0,0,0,0,0,0,0,0,0,0,8,0,0,0,0,0,0,0,0,17,1,0,0,0,0,0,0,0
Dhaka,2004,10,0,1,1,7,5,8,53,113,0,0,0,0,0,20,0,0,0,0,0,0,0,0,0,0,0,0,0,0,0,0,0
Dhaka,2005,10,91,41,18,42,3,6,0,0,4,0,0,0,0,0,0,0,4,31,16,10,36,16,28,71,0,0,0,0,0,0,0
Dhaka,2006,10,1,0,2,0,0,0,20,0,0,0,0,1,7,13,4,0,1,9,0,0,3,0,0,0,0,0,0,0,0,0,0
Dhaka,2007,10,3,10,0,0,0,0,0,28 1,42,16,0,0,0,0,2,69,1,0,46,3,0,0,0,0,0,0,0,0,0,0,0
Dhaka,2008,10,0,0,27,6,1,8,0,0,33,26,0,0,0,0,0,0,0,0,0,0,0,0,0,0,3,47,76,0,0,0,0
Dhaka,2009,10,0,0,7,1,18,8,23,7,7,0,0,0,0,0,0,1,0,0,2,0,0,0,0,0,0,0,0,0,0,0,0
Dhaka,2010,10,5,0,0,0,0,1,20,27,87,0,0,0,0,0,31,0,0,0,0,0,1,0,0,0,0,2,0,0,0,0,0
Dhaka,2013,11,0,0,0,0,0,0,0,0,0,0,0,0,0,0,0,0,0,0,0,0,0,0,0,0,0,0,0,0,0,0,
Dhaka,2013,12,0,0,0,0,0,0,0,0,0,0,0,0,0,0,0,0,0,0,0,0,4,0,0,0,0,0,0,0,0,0,0
Dhaka,2014,1,0,0,0,0,0,0,0,0,0,0,0,0,0,0,0,0,0,0,0,0,0,0,0,0,0,0,0,0,0,0,0
Dhaka,2014,2,0,0,0,0,0,0,0,0,0,0,0,0,0,0,0,1,8,3,0,0,0,0,0,0,0,0,0,0,,,
Dhaka,2014,3,0,0,0,0,0,0,0,0,0,0,0,0,0,0,0,0,0,0,0,0,0,0,10,0,0,0,0,0,0,0,0
Dhaka,2011,10,0,40,1,0,0,0,0,0,27,13,5,0,0,0,0,0,0,0,6,2,0,7,11,0,0,0,0,0,0,0,0
Dhaka,2012,10,0,0,0,2,13,0,0,0,0,2,7,2,1,11,0,0,0,0,0,0,0,0,0,0,0,0,0,0,0,0,0
Dhaka,2013,10,5,0,0,4,30,13,3,1,0,0,0,0,4,1,0,6,1,0,0,0,3,35,13,0,0,11,1,0,0,0,0
