 SL. ,Station,Year,Month,Temperature,(Deg.Cel)
1,Dhaka,-11111,1953,1,25.18
13,Dhaka,-11111,1954,1,24.8
25,Dhaka,-11111,1955,1,25.08
37,Dhaka,-11111,1956,1,25.42
49,Dhaka,-11111,1957,1,24.7
61,Dhaka,-11111,1958,1,27.25
73,Dhaka,-11111,1959,1,25.28
85,Dhaka,-11111,1960,1,25.53
97,Dhaka,-11111,1961,1,25.98
109,Dhaka,-11111,1962,1,25
121,Dhaka,-11111,1963,1,25.39
133,Dhaka,-11111,1964,1,24.18
145,Dhaka,-11111,1965,1,25.85
157,Dhaka,-11111,1966,1,25.33
169,Dhaka,-11111,1967,1,25.24
181,Dhaka,-11111,1968,1,24.94
193,Dhaka,-11111,1969,1,25.08
205,Dhaka,-11111,1970,1,24.72
217,Dhaka,-11111,1971,1,24.73
229,Dhaka,-11111,1972,1,25.85
241,Dhaka,-11111,1973,1,26.65
253,Dhaka,-11111,1974,1,25.33
265,Dhaka,-11111,1975,1,25.14
277,Dhaka,-11111,1976,1,25.71
289,Dhaka,-11111,1977,1,24.95
301,Dhaka,-11111,1978,1,24.35
313,Dhaka,-11111,1979,1,26.72
325,Dhaka,-11111,1980,1,24.64
337,Dhaka,-11111,1981,1,25.12
349,Dhaka,-11111,1982,1,26.27
361,Dhaka,-11111,1983,1,24.48
373,Dhaka,-11111,1984,1,24.86
385,Dhaka,-11111,1985,1,26.24
397,Dhaka,-11111,1986,1,26.39
409,Dhaka,-11111,1987,1,26.69
421,Dhaka,-11111,1988,1,27.18
433,Dhaka,-11111,1989,1,25.36
445,Dhaka,-11111,1990,1,25.45
457,Dhaka,-11111,1991,1,24.28
469,Dhaka,-11111,1992,1,23.97
481,Dhaka,-11111,1993,1,24.52
493,Dhaka,-11111,1994,1,26.11
505,Dhaka,-11111,1995,1,25.35
517,Dhaka,-11111,1996,1,25.83
529,Dhaka,-11111,1997,1,25.08
541,Dhaka,-11111,1998,1,22.77
553,Dhaka,-11111,1999,1,26.95
565,Dhaka,-11111,2000,1,24.58
577,Dhaka,-11111,2001,1,24.41
589,Dhaka,-11111,2002,1,25.44
601,Dhaka,-11111,2003,1,21.76
613,Dhaka,-11111,2004,1,23.54
625,Dhaka,-11111,2005,1,24.52
637,Dhaka,-11111,2006,1,25.32
649,Dhaka,-11111,2007,1,24.56
661,Dhaka,-11111,2008,1,24.46
673,Dhaka,-11111,2009,1,25.92
685,Dhaka,-11111,2010,1,23.82
697,Dhaka,-11111,2011,1,23.45
709,Dhaka,-11111,2012,1,24.05
721,Dhaka,-11111,2013,1,24.23
733,Dhaka,-11111,2014,1,24.29
745,Dhaka,-11111,2015,1,24.77
757,Dhaka,-11111,2016,1,24.87
769,Dhaka,-11111,2017,1,26.37
781,Dhaka,-11111,2018,1,23.6
793,Dhaka,-11111,2019,1,27.17
805,Dhaka,-11111,2020,1,24.02
2,Dhaka,-11111,1953,2,29.52
14,Dhaka,-11111,1954,2,30.55
26,Dhaka,-11111,1955,2,28.52
38,Dhaka,-11111,1956,2,28.08
50,Dhaka,-11111,1957,2,26.36
62,Dhaka,-11111,1958,2,28.19
74,Dhaka,-11111,1959,2,27.45
86,Dhaka,-11111,1960,2,31.24
98,Dhaka,-11111,1961,2,25.36
110,Dhaka,-11111,1962,2,28.91
122,Dhaka,-11111,1963,2,30.44
134,Dhaka,-11111,1964,2,28.63
146,Dhaka,-11111,1965,2,28
158,Dhaka,-11111,1966,2,28.23
170,Dhaka,-11111,1967,2,29.3
182,Dhaka,-11111,1968,2,27.52
194,Dhaka,-11111,1969,2,29.17
206,Dhaka,-11111,1970,2,28.65
218,Dhaka,-11111,1971,2,27.37
230,Dhaka,-11111,1972,2,26.01
242,Dhaka,-11111,1973,2,29.73
254,Dhaka,-11111,1974,2,28.23
266,Dhaka,-11111,1975,2,28.18
278,Dhaka,-11111,1976,2,28.06
290,Dhaka,-11111,1977,2,27.6
302,Dhaka,-11111,1978,2,27.25
314,Dhaka,-11111,1979,2,27.21
326,Dhaka,-11111,1980,2,27.92
338,Dhaka,-11111,1981,2,27.03
350,Dhaka,-11111,1982,2,27.29
362,Dhaka,-11111,1983,2,26.69
374,Dhaka,-11111,1984,2,27.61
386,Dhaka,-11111,1985,2,29.15
398,Dhaka,-11111,1986,2,29.43
410,Dhaka,-11111,1987,2,30.34
422,Dhaka,-11111,1988,2,30.11
434,Dhaka,-11111,1989,2,28.84
446,Dhaka,-11111,1990,2,27.48
458,Dhaka,-11111,1991,2,28.88
470,Dhaka,-11111,1992,2,25.51
482,Dhaka,-11111,1993,2,28.77
494,Dhaka,-11111,1994,2,26.51
506,Dhaka,-11111,1995,2,27.97
518,Dhaka,-11111,1996,2,29.73
530,Dhaka,-11111,1997,2,27.76
542,Dhaka,-11111,1998,2,28.35
554,Dhaka,-11111,1999,2,31.13
566,Dhaka,-11111,2000,2,25.48
578,Dhaka,-11111,2001,2,28.66
590,Dhaka,-11111,2002,2,28.56
602,Dhaka,-11111,2003,2,27.97
614,Dhaka,-11111,2004,2,28.26
626,Dhaka,-11111,2005,2,29.1
638,Dhaka,-11111,2006,2,31.25
650,Dhaka,-11111,2007,2,27.11
662,Dhaka,-11111,2008,2,26.07
674,Dhaka,-11111,2009,2,29.7
686,Dhaka,-11111,2010,2,28.91
698,Dhaka,-11111,2011,2,28.73
710,Dhaka,-11111,2012,2,28.51
722,Dhaka,-11111,2013,2,28.91
734,Dhaka,-11111,2014,2,27.17
746,Dhaka,-11111,2015,2,28.42
758,Dhaka,-11111,2016,2,29.8
770,Dhaka,-11111,2017,2,29.57
782,Dhaka,-11111,2018,2,29.22
794,Dhaka,-11111,2019,2,28.35
806,Dhaka,-11111,2020,2,27.45
3,Dhaka,-11111,1953,3,32.65
15,Dhaka,-11111,1954,3,34.8
27,Dhaka,-11111,1955,3,32.9
39,Dhaka,-11111,1956,3,32.1
51,Dhaka,-11111,1957,3,31.79
63,Dhaka,-11111,1958,3,33.27
75,Dhaka,-11111,1959,3,32.5
87,Dhaka,-11111,1960,3,32.05
99,Dhaka,-11111,1961,3,33.06
111,Dhaka,-11111,1962,3,34.42
123,Dhaka,-11111,1963,3,33.35
135,Dhaka,-11111,1964,3,33.8
147,Dhaka,-11111,1965,3,32.38
159,Dhaka,-11111,1966,3,32.59
171,Dhaka,-11111,1967,3,30.15
183,Dhaka,-11111,1968,3,33.12
195,Dhaka,-11111,1969,3,32.68
207,Dhaka,-11111,1970,3,32.32
219,Dhaka,-11111,1971,3,32.42
231,Dhaka,-11111,1972,3,33.2
243,Dhaka,-11111,1973,3,31.36
255,Dhaka,-11111,1974,3,32.59
267,Dhaka,-11111,1975,3,33.13
279,Dhaka,-11111,1976,3,32.84
291,Dhaka,-11111,1977,3,33.2
303,Dhaka,-11111,1978,3,31.85
315,Dhaka,-11111,1979,3,32.87
327,Dhaka,-11111,1980,3,31.84
339,Dhaka,-11111,1981,3,30.42
351,Dhaka,-11111,1982,3,30.84
363,Dhaka,-11111,1983,3,31.44
375,Dhaka,-11111,1984,3,34.54
387,Dhaka,-11111,1985,3,34
399,Dhaka,-11111,1986,3,34.38
411,Dhaka,-11111,1987,3,33.08
423,Dhaka,-11111,1988,3,32.6
435,Dhaka,-11111,1989,3,33.76
447,Dhaka,-11111,1990,3,28.81
459,Dhaka,-11111,1991,3,32.55
471,Dhaka,-11111,1992,3,32.51
483,Dhaka,-11111,1993,3,30.95
495,Dhaka,-11111,1994,3,32.39
507,Dhaka,-11111,1995,3,33.8
519,Dhaka,-11111,1996,3,34.38
531,Dhaka,-11111,1997,3,33.1
543,Dhaka,-11111,1998,3,30.68
555,Dhaka,-11111,1999,3,34.76
567,Dhaka,-11111,2000,3,30.94
579,Dhaka,-11111,2001,3,32.72
591,Dhaka,-11111,2002,3,31.84
603,Dhaka,-11111,2003,3,30.02
615,Dhaka,-11111,2004,3,32.76
627,Dhaka,-11111,2005,3,32.21
639,Dhaka,-11111,2006,3,33.2
651,Dhaka,-11111,2007,3,31.49
663,Dhaka,-11111,2008,3,31.65
675,Dhaka,-11111,2009,3,33.28
687,Dhaka,-11111,2010,3,34.11
699,Dhaka,-11111,2011,3,32.08
711,Dhaka,-11111,2012,3,33
723,Dhaka,-11111,2013,3,33.39
735,Dhaka,-11111,2014,3,32.4
747,Dhaka,-11111,2015,3,32.11
759,Dhaka,-11111,2016,3,33.11
771,Dhaka,-11111,2017,3,30.48
783,Dhaka,-11111,2018,3,33.32
795,Dhaka,-11111,2019,3,31.51
807,Dhaka,-11111,2020,3,32.29
4,Dhaka,-11111,1953,4,35.02
16,Dhaka,-11111,1954,4,34.47
28,Dhaka,-11111,1955,4,33.32
40,Dhaka,-11111,1956,4,33.96
52,Dhaka,-11111,1957,4,35.48
64,Dhaka,-11111,1958,4,35.18
76,Dhaka,-11111,1959,4,33.78
88,Dhaka,-11111,1960,4,34.98
100,Dhaka,-11111,1961,4,33.76
112,Dhaka,-11111,1962,4,34.82
124,Dhaka,-11111,1963,4,33.44
136,Dhaka,-11111,1964,4,32.79
148,Dhaka,-11111,1965,4,34.2
160,Dhaka,-11111,1966,4,35.91
172,Dhaka,-11111,1967,4,33.75
184,Dhaka,-11111,1968,4,33.39
196,Dhaka,-11111,1969,4,33.99
208,Dhaka,-11111,1970,4,34.02
220,Dhaka,-11111,1971,4,33.73
232,Dhaka,-11111,1972,4,33.11
244,Dhaka,-11111,1973,4,34.46
256,Dhaka,-11111,1974,4,33.93
268,Dhaka,-11111,1975,4,34.77
280,Dhaka,-11111,1976,4,34.6
292,Dhaka,-11111,1977,4,31.29
304,Dhaka,-11111,1978,4,32.93
316,Dhaka,-11111,1979,4,34.71
328,Dhaka,-11111,1980,4,35.31
340,Dhaka,-11111,1981,4,30.65
352,Dhaka,-11111,1982,4,32.84
364,Dhaka,-11111,1983,4,32.92
376,Dhaka,-11111,1984,4,34.4
388,Dhaka,-11111,1985,4,33.62
400,Dhaka,-11111,1986,4,33.44
412,Dhaka,-11111,1987,4,33.79
424,Dhaka,-11111,1988,4,35.29
436,Dhaka,-11111,1989,4,36.08
448,Dhaka,-11111,1990,4,31.93
460,Dhaka,-11111,1991,4,33.9
472,Dhaka,-11111,1992,4,36.12
484,Dhaka,-11111,1993,4,33.04
496,Dhaka,-11111,1994,4,33.24
508,Dhaka,-11111,1995,4,36.49
520,Dhaka,-11111,1996,4,34.9
532,Dhaka,-11111,1997,4,31.02
544,Dhaka,-11111,1998,4,32.74
556,Dhaka,-11111,1999,4,36.02
568,Dhaka,-11111,2000,4,32.79
580,Dhaka,-11111,2001,4,34.37
592,Dhaka,-11111,2002,4,32.06
604,Dhaka,-11111,2003,4,34.02
616,Dhaka,-11111,2004,4,32.55
628,Dhaka,-11111,2005,4,34.44
640,Dhaka,-11111,2006,4,33.74
652,Dhaka,-11111,2007,4,33.66
664,Dhaka,-11111,2008,4,34.48
676,Dhaka,-11111,2009,4,35.57
688,Dhaka,-11111,2010,4,35.52
700,Dhaka,-11111,2011,4,33.47
712,Dhaka,-11111,2012,4,33.51
724,Dhaka,-11111,2013,4,34.22
736,Dhaka,-11111,2014,4,36.44
748,Dhaka,-11111,2015,4,32.82
760,Dhaka,-11111,2016,4,35.14
772,Dhaka,-11111,2017,4,32.79
784,Dhaka,-11111,2018,4,33.03
796,Dhaka,-11111,2019,4,33.68
808,Dhaka,-11111,2020,4,33.83
5,Dhaka,-11111,1953,5,32.77
17,Dhaka,-11111,1954,5,33.48
29,Dhaka,-11111,1955,5,32.96
41,Dhaka,-11111,1956,5,32.1
53,Dhaka,-11111,1957,5,34.07
65,Dhaka,-11111,1958,5,33.38
77,Dhaka,-11111,1959,5,32.97
89,Dhaka,-11111,1960,5,33.45
101,Dhaka,-11111,1961,5,32.1
113,Dhaka,-11111,1962,5,32.5
125,Dhaka,-11111,1963,5,31.72
137,Dhaka,-11111,1964,5,32.42
149,Dhaka,-11111,1965,5,33.48
161,Dhaka,-11111,1966,5,34.47
173,Dhaka,-11111,1967,5,33.13
185,Dhaka,-11111,1968,5,33.65
197,Dhaka,-11111,1969,5,33.9
209,Dhaka,-11111,1970,5,34.25
221,Dhaka,-11111,1971,5,31.21
233,Dhaka,-11111,1972,5,33.84
245,Dhaka,-11111,1973,5,31.16
257,Dhaka,-11111,1974,5,32.95
269,Dhaka,-11111,1975,5,32.68
281,Dhaka,-11111,1976,5,32.2
293,Dhaka,-11111,1977,5,30.9
305,Dhaka,-11111,1978,5,31.34
317,Dhaka,-11111,1979,5,35.19
329,Dhaka,-11111,1980,5,31.84
341,Dhaka,-11111,1981,5,31.88
353,Dhaka,-11111,1982,5,34.61
365,Dhaka,-11111,1983,5,32.28
377,Dhaka,-11111,1984,5,31.4
389,Dhaka,-11111,1985,5,32.3
401,Dhaka,-11111,1986,5,33.74
413,Dhaka,-11111,1987,5,34.88
425,Dhaka,-11111,1988,5,33.13
437,Dhaka,-11111,1989,5,34.38
449,Dhaka,-11111,1990,5,32.68
461,Dhaka,-11111,1991,5,31.76
473,Dhaka,-11111,1992,5,33.49
485,Dhaka,-11111,1993,5,31.59
497,Dhaka,-11111,1994,5,33.61
509,Dhaka,-11111,1995,5,34.88
521,Dhaka,-11111,1996,5,34.64
533,Dhaka,-11111,1997,5,33.68
545,Dhaka,-11111,1998,5,33.37
557,Dhaka,-11111,1999,5,32.78
569,Dhaka,-11111,2000,5,32.28
581,Dhaka,-11111,2001,5,31.99
593,Dhaka,-11111,2002,5,32.09
605,Dhaka,-11111,2003,5,33.99
617,Dhaka,-11111,2004,5,35.13
629,Dhaka,-11111,2005,5,33.24
641,Dhaka,-11111,2006,5,33.76
653,Dhaka,-11111,2007,5,34.76
665,Dhaka,-11111,2008,5,34.68
677,Dhaka,-11111,2009,5,34.58
689,Dhaka,-11111,2010,5,34.27
701,Dhaka,-11111,2011,5,33.4
713,Dhaka,-11111,2012,5,34.63
725,Dhaka,-11111,2013,5,31.73
737,Dhaka,-11111,2014,5,35.18
749,Dhaka,-11111,2015,5,34.07
761,Dhaka,-11111,2016,5,33.68
773,Dhaka,-11111,2017,5,34.5
785,Dhaka,-11111,2018,5,32.33
797,Dhaka,-11111,2019,5,34.59
809,Dhaka,-11111,2020,5,33.39
6,Dhaka,-11111,1953,6,31.36
18,Dhaka,-11111,1954,6,30.13
30,Dhaka,-11111,1955,6,31.58
42,Dhaka,-11111,1956,6,29.98
54,Dhaka,-11111,1957,6,32.08
66,Dhaka,-11111,1958,6,32.91
78,Dhaka,-11111,1959,6,31.34
90,Dhaka,-11111,1960,6,31.9
102,Dhaka,-11111,1961,6,30.49
114,Dhaka,-11111,1962,6,31.11
126,Dhaka,-11111,1963,6,31.16
138,Dhaka,-11111,1964,6,31.52
150,Dhaka,-11111,1965,6,30.79
162,Dhaka,-11111,1966,6,31.01
174,Dhaka,-11111,1967,6,32.36
186,Dhaka,-11111,1968,6,30.21
198,Dhaka,-11111,1969,6,31.4
210,Dhaka,-11111,1970,6,31.81
222,Dhaka,-11111,1971,6,30.25
234,Dhaka,-11111,1972,6,31.9
246,Dhaka,-11111,1973,6,31.31
258,Dhaka,-11111,1974,6,31.82
270,Dhaka,-11111,1975,6,31.99
282,Dhaka,-11111,1976,6,30.79
294,Dhaka,-11111,1977,6,30.38
306,Dhaka,-11111,1978,6,31.09
318,Dhaka,-11111,1979,6,32.12
330,Dhaka,-11111,1980,6,31.57
342,Dhaka,-11111,1981,6,32.75
354,Dhaka,-11111,1982,6,31.58
366,Dhaka,-11111,1983,6,32.93
378,Dhaka,-11111,1984,6,30.87
390,Dhaka,-11111,1985,6,31.69
402,Dhaka,-11111,1986,6,33.45
414,Dhaka,-11111,1987,6,33.94
426,Dhaka,-11111,1988,6,31.98
438,Dhaka,-11111,1989,6,32.86
450,Dhaka,-11111,1990,6,32.29
462,Dhaka,-11111,1991,6,31.55
474,Dhaka,-11111,1992,6,33.68
486,Dhaka,-11111,1993,6,31.75
498,Dhaka,-11111,1994,6,31.95
510,Dhaka,-11111,1995,6,32.82
522,Dhaka,-11111,1996,6,32.54
534,Dhaka,-11111,1997,6,33.34
546,Dhaka,-11111,1998,6,34.27
558,Dhaka,-11111,1999,6,32.53
570,Dhaka,-11111,2000,6,32.49
582,Dhaka,-11111,2001,6,31.03
594,Dhaka,-11111,2002,6,31.75
606,Dhaka,-11111,2003,6,31.41
618,Dhaka,-11111,2004,6,32.21
630,Dhaka,-11111,2005,6,33.42
642,Dhaka,-11111,2006,6,32.39
654,Dhaka,-11111,2007,6,32.49
666,Dhaka,-11111,2008,6,32.47
678,Dhaka,-11111,2009,6,34.5
690,Dhaka,-11111,2010,6,33.08
702,Dhaka,-11111,2011,6,32.63
714,Dhaka,-11111,2012,6,33.2
726,Dhaka,-11111,2013,6,33.7
738,Dhaka,-11111,2014,6,33.23
750,Dhaka,-11111,2015,6,32.75
762,Dhaka,-11111,2016,6,33.93
774,Dhaka,-11111,2017,6,33.04
786,Dhaka,-11111,2018,6,33.54
798,Dhaka,-11111,2019,6,33.58
810,Dhaka,-11111,2020,6,33.38
7,Dhaka,-11111,1953,7,30.83
19,Dhaka,-11111,1954,7,30.96
31,Dhaka,-11111,1955,7,30.55
43,Dhaka,-11111,1956,7,30.61
55,Dhaka,-11111,1957,7,30.72
67,Dhaka,-11111,1958,7,31.32
79,Dhaka,-11111,1959,7,30.79
91,Dhaka,-11111,1960,7,30.4
103,Dhaka,-11111,1961,7,30.98
115,Dhaka,-11111,1962,7,31.59
127,Dhaka,-11111,1963,7,31.05
139,Dhaka,-11111,1964,7,30.18
151,Dhaka,-11111,1965,7,30.52
163,Dhaka,-11111,1966,7,31.43
175,Dhaka,-11111,1967,7,31.41
187,Dhaka,-11111,1968,7,30.67
199,Dhaka,-11111,1969,7,31.02
211,Dhaka,-11111,1970,7,30.94
223,Dhaka,-11111,1971,7,30.24
235,Dhaka,-11111,1972,7,31.59
247,Dhaka,-11111,1973,7,31.09
259,Dhaka,-11111,1974,7,31.24
271,Dhaka,-11111,1975,7,29.77
283,Dhaka,-11111,1976,7,30.67
295,Dhaka,-11111,1977,7,31.14
307,Dhaka,-11111,1978,7,31.12
319,Dhaka,-11111,1979,7,31.37
331,Dhaka,-11111,1980,7,30.89
343,Dhaka,-11111,1981,7,30.55
355,Dhaka,-11111,1982,7,31.96
367,Dhaka,-11111,1983,7,31.95
379,Dhaka,-11111,1984,7,30.93
391,Dhaka,-11111,1985,7,30.73
403,Dhaka,-11111,1986,7,31.9
415,Dhaka,-11111,1987,7,31.35
427,Dhaka,-11111,1988,7,32.23
439,Dhaka,-11111,1989,7,32.08
451,Dhaka,-11111,1990,7,31.07
463,Dhaka,-11111,1991,7,32.1
475,Dhaka,-11111,1992,7,31.52
487,Dhaka,-11111,1993,7,31.39
499,Dhaka,-11111,1994,7,32.15
511,Dhaka,-11111,1995,7,31.76
523,Dhaka,-11111,1996,7,32.8
535,Dhaka,-11111,1997,7,31.68
547,Dhaka,-11111,1998,7,31.71
559,Dhaka,-11111,1999,7,31.47
571,Dhaka,-11111,2000,7,31.8
583,Dhaka,-11111,2001,7,31.68
595,Dhaka,-11111,2002,7,31.6
607,Dhaka,-11111,2003,7,32.41
619,Dhaka,-11111,2004,7,31.53
631,Dhaka,-11111,2005,7,31.45
643,Dhaka,-11111,2006,7,32.38
655,Dhaka,-11111,2007,7,31.45
667,Dhaka,-11111,2008,7,31.77
679,Dhaka,-11111,2009,7,32.34
691,Dhaka,-11111,2010,7,33.01
703,Dhaka,-11111,2011,7,32.32
715,Dhaka,-11111,2012,7,32.56
727,Dhaka,-11111,2013,7,32.68
739,Dhaka,-11111,2014,7,32.87
751,Dhaka,-11111,2015,7,31.73
763,Dhaka,-11111,2016,7,32.23
775,Dhaka,-11111,2017,7,31.98
787,Dhaka,-11111,2018,7,32.79
799,Dhaka,-11111,2019,7,32.97
811,Dhaka,-11111,2020,7,33.02
8,Dhaka,-11111,1953,8,31.39
20,Dhaka,-11111,1954,8,31.03
32,Dhaka,-11111,1955,8,30.62
44,Dhaka,-11111,1956,8,30.81
56,Dhaka,-11111,1957,8,31.7
68,Dhaka,-11111,1958,8,30.98
80,Dhaka,-11111,1959,8,30.67
92,Dhaka,-11111,1960,8,31.42
104,Dhaka,-11111,1961,8,30.75
116,Dhaka,-11111,1962,8,30.72
128,Dhaka,-11111,1963,8,31.14
140,Dhaka,-11111,1964,8,31.11
152,Dhaka,-11111,1965,8,30.23
164,Dhaka,-11111,1966,8,30.83
176,Dhaka,-11111,1967,8,31
188,Dhaka,-11111,1968,8,31.14
200,Dhaka,-11111,1969,8,30.15
212,Dhaka,-11111,1970,8,30.9
224,Dhaka,-11111,1971,8,29.43
236,Dhaka,-11111,1972,8,30.29
248,Dhaka,-11111,1973,8,31.18
260,Dhaka,-11111,1974,8,31.37
272,Dhaka,-11111,1975,8,30.95
284,Dhaka,-11111,1976,8,30.3
296,Dhaka,-11111,1977,8,31.38
308,Dhaka,-11111,1978,8,31.64
320,Dhaka,-11111,1979,8,31.52
332,Dhaka,-11111,1980,8,31.37
344,Dhaka,-11111,1981,8,32.43
356,Dhaka,-11111,1982,8,30.95
368,Dhaka,-11111,1983,8,31.06
380,Dhaka,-11111,1984,8,31.27
392,Dhaka,-11111,1985,8,31.79
404,Dhaka,-11111,1986,8,33.05
416,Dhaka,-11111,1987,8,31.86
428,Dhaka,-11111,1988,8,31.85
440,Dhaka,-11111,1989,8,32.94
452,Dhaka,-11111,1990,8,32.11
464,Dhaka,-11111,1991,8,31.83
476,Dhaka,-11111,1992,8,31.93
488,Dhaka,-11111,1993,8,30.95
500,Dhaka,-11111,1994,8,31.96
512,Dhaka,-11111,1995,8,32.5
524,Dhaka,-11111,1996,8,31.78
536,Dhaka,-11111,1997,8,32.72
548,Dhaka,-11111,1998,8,31.8
560,Dhaka,-11111,1999,8,31.7
572,Dhaka,-11111,2000,8,32.08
584,Dhaka,-11111,2001,8,32.38
596,Dhaka,-11111,2002,8,31.5
608,Dhaka,-11111,2003,8,32.49
620,Dhaka,-11111,2004,8,32.29
632,Dhaka,-11111,2005,8,32.08
644,Dhaka,-11111,2006,8,32.54
656,Dhaka,-11111,2007,8,32.53
668,Dhaka,-11111,2008,8,32.12
680,Dhaka,-11111,2009,8,32.49
692,Dhaka,-11111,2010,8,33.15
704,Dhaka,-11111,2011,8,31.12
716,Dhaka,-11111,2012,8,32.55
728,Dhaka,-11111,2013,8,32.04
740,Dhaka,-11111,2014,8,32.16
752,Dhaka,-11111,2015,8,32.62
764,Dhaka,-11111,2016,8,33.28
776,Dhaka,-11111,2017,8,32.59
788,Dhaka,-11111,2018,8,33.8
800,Dhaka,-11111,2019,8,33.75
812,Dhaka,-11111,2020,8,32.94
9,Dhaka,-11111,1953,9,31.63
21,Dhaka,-11111,1954,9,31.42
33,Dhaka,-11111,1955,9,31.64
45,Dhaka,-11111,1956,9,30.52
57,Dhaka,-11111,1957,9,31.93
69,Dhaka,-11111,1958,9,31.86
81,Dhaka,-11111,1959,9,30.11
93,Dhaka,-11111,1960,9,30.96
105,Dhaka,-11111,1961,9,30.65
117,Dhaka,-11111,1962,9,31.62
129,Dhaka,-11111,1963,9,31.83
141,Dhaka,-11111,1964,9,31.25
153,Dhaka,-11111,1965,9,30.97
165,Dhaka,-11111,1966,9,30.84
177,Dhaka,-11111,1967,9,30.36
189,Dhaka,-11111,1968,9,32.2
201,Dhaka,-11111,1969,9,31.61
213,Dhaka,-11111,1970,9,31.22
225,Dhaka,-11111,1971,9,30.72
237,Dhaka,-11111,1972,9,32.21
249,Dhaka,-11111,1973,9,30.92
261,Dhaka,-11111,1974,9,31.61
273,Dhaka,-11111,1975,9,30.47
285,Dhaka,-11111,1976,9,31.57
297,Dhaka,-11111,1977,9,32.15
309,Dhaka,-11111,1978,9,31.25
321,Dhaka,-11111,1979,9,31.41
333,Dhaka,-11111,1980,9,31.39
345,Dhaka,-11111,1981,9,31.73
357,Dhaka,-11111,1982,9,32.09
369,Dhaka,-11111,1983,9,31.11
381,Dhaka,-11111,1984,9,31.37
393,Dhaka,-11111,1985,9,31.81
405,Dhaka,-11111,1986,9,31.22
417,Dhaka,-11111,1987,9,32.21
429,Dhaka,-11111,1988,9,33.01
441,Dhaka,-11111,1989,9,32.03
453,Dhaka,-11111,1990,9,32.02
465,Dhaka,-11111,1991,9,30.6
477,Dhaka,-11111,1992,9,32.23
489,Dhaka,-11111,1993,9,31.53
501,Dhaka,-11111,1994,9,32.89
513,Dhaka,-11111,1995,9,32.43
525,Dhaka,-11111,1996,9,33.8
537,Dhaka,-11111,1997,9,31.5
549,Dhaka,-11111,1998,9,32.5
561,Dhaka,-11111,1999,9,31.64
573,Dhaka,-11111,2000,9,32
585,Dhaka,-11111,2001,9,31.86
597,Dhaka,-11111,2002,9,32.42
609,Dhaka,-11111,2003,9,31.69
621,Dhaka,-11111,2004,9,30.41
633,Dhaka,-11111,2005,9,32.8
645,Dhaka,-11111,2006,9,31.92
657,Dhaka,-11111,2007,9,32.05
669,Dhaka,-11111,2008,9,32.57
681,Dhaka,-11111,2009,9,32.54
693,Dhaka,-11111,2010,9,32.51
705,Dhaka,-11111,2011,9,32.42
717,Dhaka,-11111,2012,9,32.91
729,Dhaka,-11111,2013,9,32.63
741,Dhaka,-11111,2014,9,32.86
753,Dhaka,-11111,2015,9,32.86
765,Dhaka,-11111,2016,9,32.87
777,Dhaka,-11111,2017,9,33.08
789,Dhaka,-11111,2018,9,34.13
801,Dhaka,-11111,2019,9,33.34
813,Dhaka,-11111,2020,9,33.54
10,Dhaka,-11111,1953,10,30.98
22,Dhaka,-11111,1954,10,29.81
34,Dhaka,-11111,1955,10,31.22
46,Dhaka,-11111,1956,10,31.13
58,Dhaka,-11111,1957,10,31.16
70,Dhaka,-11111,1958,10,31.33
82,Dhaka,-11111,1959,10,29.11
94,Dhaka,-11111,1960,10,30.84
106,Dhaka,-11111,1961,10,30.33
118,Dhaka,-11111,1962,10,30.33
130,Dhaka,-11111,1963,10,30.5
142,Dhaka,-11111,1964,10,30.24
154,Dhaka,-11111,1965,10,31.05
166,Dhaka,-11111,1966,10,30.06
178,Dhaka,-11111,1967,10,30.73
190,Dhaka,-11111,1968,10,30.56
202,Dhaka,-11111,1969,10,30.88
214,Dhaka,-11111,1970,10,29.75
226,Dhaka,-11111,1971,10,30.42
238,Dhaka,-11111,1972,10,31.71
250,Dhaka,-11111,1973,10,30.51
262,Dhaka,-11111,1974,10,31.2
274,Dhaka,-11111,1975,10,30.6
286,Dhaka,-11111,1976,10,31.29
298,Dhaka,-11111,1977,10,30.35
310,Dhaka,-11111,1978,10,31.85
322,Dhaka,-11111,1979,10,31.33
334,Dhaka,-11111,1980,10,30.43
346,Dhaka,-11111,1981,10,32.35
358,Dhaka,-11111,1982,10,32.04
370,Dhaka,-11111,1983,10,30.62
382,Dhaka,-11111,1984,10,31.86
394,Dhaka,-11111,1985,10,32.55
406,Dhaka,-11111,1986,10,31.36
418,Dhaka,-11111,1987,10,32.38
430,Dhaka,-11111,1988,10,32.71
442,Dhaka,-11111,1989,10,31.55
454,Dhaka,-11111,1990,10,30.18
466,Dhaka,-11111,1991,10,30.92
478,Dhaka,-11111,1992,10,31.8
490,Dhaka,-11111,1993,10,31.45
502,Dhaka,-11111,1994,10,32.75
514,Dhaka,-11111,1995,10,32.85
526,Dhaka,-11111,1996,10,32.28
538,Dhaka,-11111,1997,10,32.15
550,Dhaka,-11111,1998,10,33.13
562,Dhaka,-11111,1999,10,31.77
574,Dhaka,-11111,2000,10,31.13
586,Dhaka,-11111,2001,10,31.57
598,Dhaka,-11111,2002,10,31.44
610,Dhaka,-11111,2003,10,31.24
622,Dhaka,-11111,2004,10,30.96
634,Dhaka,-11111,2005,10,30.57
646,Dhaka,-11111,2006,10,32.26
658,Dhaka,-11111,2007,10,31.5
670,Dhaka,-11111,2008,10,31.4
682,Dhaka,-11111,2009,10,32.22
694,Dhaka,-11111,2010,10,32.4
706,Dhaka,-11111,2011,10,32.65
718,Dhaka,-11111,2012,10,32.34
730,Dhaka,-11111,2013,10,31.51
742,Dhaka,-11111,2014,10,32.2
754,Dhaka,-11111,2015,10,32.39
766,Dhaka,-11111,2016,10,33.07
778,Dhaka,-11111,2017,10,31.99
790,Dhaka,-11111,2018,10,31.99
802,Dhaka,-11111,2019,10,32.06
814,Dhaka,-11111,2020,10,33.16
11,Dhaka,-11111,1953,11,28.64
23,Dhaka,-11111,1954,11,27.76
35,Dhaka,-11111,1955,11,28.36
47,Dhaka,-11111,1956,11,28.41
59,Dhaka,-11111,1957,11,29.52
71,Dhaka,-11111,1958,11,29.42
83,Dhaka,-11111,1959,11,27.96
95,Dhaka,-11111,1960,11,27.98
107,Dhaka,-11111,1961,11,27.92
119,Dhaka,-11111,1962,11,28.45
131,Dhaka,-11111,1963,11,28.27
143,Dhaka,-11111,1964,11,28.47
155,Dhaka,-11111,1965,11,29.22
167,Dhaka,-11111,1966,11,28.94
179,Dhaka,-11111,1967,11,28.32
191,Dhaka,-11111,1968,11,28.74
203,Dhaka,-11111,1969,11,29.11
215,Dhaka,-11111,1970,11,27.82
227,Dhaka,-11111,1971,11,27.45
239,Dhaka,-11111,1972,11,29.64
251,Dhaka,-11111,1973,11,27.29
263,Dhaka,-11111,1974,11,29.15
275,Dhaka,-11111,1975,11,27.35
287,Dhaka,-11111,1976,11,29.93
299,Dhaka,-11111,1977,11,28.6
311,Dhaka,-11111,1978,11,29.99
323,Dhaka,-11111,1979,11,30.26
335,Dhaka,-11111,1980,11,29.4
347,Dhaka,-11111,1981,11,29.98
359,Dhaka,-11111,1982,11,28.05
371,Dhaka,-11111,1983,11,30.26
383,Dhaka,-11111,1984,11,29.85
395,Dhaka,-11111,1985,11,30.25
407,Dhaka,-11111,1986,11,29.48
419,Dhaka,-11111,1987,11,30.23
431,Dhaka,-11111,1988,11,30.52
443,Dhaka,-11111,1989,11,30.24
455,Dhaka,-11111,1990,11,29.78
467,Dhaka,-11111,1991,11,28.25
479,Dhaka,-11111,1992,11,29.44
491,Dhaka,-11111,1993,11,29.49
503,Dhaka,-11111,1994,11,29.88
515,Dhaka,-11111,1995,11,29.78
527,Dhaka,-11111,1996,11,30.3
539,Dhaka,-11111,1997,11,30.43
551,Dhaka,-11111,1998,11,30.75
563,Dhaka,-11111,1999,11,30.44
575,Dhaka,-11111,2000,11,29.61
587,Dhaka,-11111,2001,11,28.9
599,Dhaka,-11111,2002,11,28.89
611,Dhaka,-11111,2003,11,29.75
623,Dhaka,-11111,2004,11,29.48
635,Dhaka,-11111,2005,11,29.07
647,Dhaka,-11111,2006,11,29.66
659,Dhaka,-11111,2007,11,29.05
671,Dhaka,-11111,2008,11,29.71
683,Dhaka,-11111,2009,11,30.18
695,Dhaka,-11111,2010,11,30.09
707,Dhaka,-11111,2011,11,29.71
719,Dhaka,-11111,2012,11,28.74
731,Dhaka,-11111,2013,11,30.18
743,Dhaka,-11111,2014,11,30.22
755,Dhaka,-11111,2015,11,30.23
767,Dhaka,-11111,2016,11,29.6
779,Dhaka,-11111,2017,11,30.19
791,Dhaka,-11111,2018,11,30.29
803,Dhaka,-11111,2019,11,30.32
815,Dhaka,-11111,2020,11,30.77
12,Dhaka,-11111,1953,12,27.77
24,Dhaka,-11111,1954,12,25.76
36,Dhaka,-11111,1955,12,25.1
48,Dhaka,-11111,1956,12,26.19
60,Dhaka,-11111,1957,12,26.81
72,Dhaka,-11111,1958,12,26.57
84,Dhaka,-11111,1959,12,25.9
96,Dhaka,-11111,1960,12,26.11
108,Dhaka,-11111,1961,12,24.54
120,Dhaka,-11111,1962,12,25.62
132,Dhaka,-11111,1963,12,26.01
144,Dhaka,-11111,1964,12,26.14
156,Dhaka,-11111,1965,12,25.75
168,Dhaka,-11111,1966,12,25.07
180,Dhaka,-11111,1967,12,26.45
192,Dhaka,-11111,1968,12,25.57
204,Dhaka,-11111,1969,12,26.08
216,Dhaka,-11111,1970,12,25.57
228,Dhaka,-11111,1971,12,26.22
240,Dhaka,-11111,1972,12,26.82
252,Dhaka,-11111,1973,12,24.42
264,Dhaka,-11111,1974,12,26.22
276,Dhaka,-11111,1975,12,25.26
288,Dhaka,-11111,1976,12,25.95
300,Dhaka,-11111,1977,12,25.6
312,Dhaka,-11111,1978,12,27.07
324,Dhaka,-11111,1979,12,25.25
336,Dhaka,-11111,1980,12,26.65
348,Dhaka,-11111,1981,12,25.49
360,Dhaka,-11111,1982,12,25.63
372,Dhaka,-11111,1983,12,25.88
384,Dhaka,-11111,1984,12,26.77
396,Dhaka,-11111,1985,12,28.04
408,Dhaka,-11111,1986,12,26.82
420,Dhaka,-11111,1987,12,27.31
432,Dhaka,-11111,1988,12,27.4
444,Dhaka,-11111,1989,12,26.6
456,Dhaka,-11111,1990,12,26.54
468,Dhaka,-11111,1991,12,24.75
480,Dhaka,-11111,1992,12,26.03
492,Dhaka,-11111,1993,12,27.12
504,Dhaka,-11111,1994,12,27.7
516,Dhaka,-11111,1995,12,26.99
528,Dhaka,-11111,1996,12,27.28
540,Dhaka,-11111,1997,12,24.97
552,Dhaka,-11111,1998,12,28.09
564,Dhaka,-11111,1999,12,27.1
576,Dhaka,-11111,2000,12,26.36
588,Dhaka,-11111,2001,12,25.89
600,Dhaka,-11111,2002,12,26.07
612,Dhaka,-11111,2003,12,25.9
624,Dhaka,-11111,2004,12,26.97
636,Dhaka,-11111,2005,12,27.07
648,Dhaka,-11111,2006,12,26.88
660,Dhaka,-11111,2007,12,25.81
672,Dhaka,-11111,2008,12,25.57
684,Dhaka,-11111,2009,12,25.99
696,Dhaka,-11111,2010,12,26.07
708,Dhaka,-11111,2011,12,24.98
720,Dhaka,-11111,2012,12,23.96
732,Dhaka,-11111,2013,12,26.25
744,Dhaka,-11111,2014,12,24.52
756,Dhaka,-11111,2015,12,25.94
768,Dhaka,-11111,2016,12,27.76
780,Dhaka,-11111,2017,12,26.76
792,Dhaka,-11111,2018,12,26.14
804,Dhaka,-11111,2019,12,24.76
816,Dhaka,-11111,2020,12,25.97
